tanggal,aktual,titik_asal,horizon,Naive Seasonal,SMA-30,"ARIMA(5,1,0)",Prophet,BiLSTM,TFT,Smart Ensemble
2025-04-13,48450.0,2025-04-13,1,39250.0,46491.666666666664,48355.45800433529,43083.59575843335,48103.11503466219,41707.890625,47783.35381417908
2025-04-14,48700.0,2025-04-13,2,39250.0,46491.666666666664,48536.49160036217,43329.71147379085,48241.31638165563,40903.83984375,47874.44255476035
2025-04-15,48900.0,2025-04-13,3,39250.0,46491.666666666664,48656.50150360545,43759.78378729659,48372.47598450631,40350.61328125,47971.38284934349
2025-04-16,48750.0,2025-04-13,4,54200.0,46491.666666666664,48786.05281724773,44089.03692657769,48471.72795236111,40171.9609375,48056.73960161805
2025-04-17,48500.0,2025-04-13,5,55250.0,46491.666666666664,48893.35631668916,44331.01513217698,48536.765211075544,39919.8671875,48105.92030989677
2025-04-18,48500.0,2025-04-13,6,52400.0,46491.666666666664,48978.50881413331,41435.197162931334,48568.2436093688,40100.2265625,48144.84275702536
2025-04-19,47916.66666666666,2025-04-13,7,52950.0,46491.666666666664,49055.12130934135,44961.8144896062,48568.90745386481,40154.54296875,48148.189229609074
2025-04-20,47333.333333333336,2025-04-13,8,54566.66666666666,46491.666666666664,49119.43414696102,42526.65554460964,48542.310769855976,40139.86328125,48122.18839542568
2025-04-21,46750.0,2025-04-13,9,56183.333333333336,46491.666666666664,49176.16036503764,45461.41518873348,48492.19402074814,40323.23828125,48083.74623377323
2025-04-22,46850.0,2025-04-13,10,57800.0,46491.666666666664,49224.60000975894,45875.18277236258,48422.05896675587,40503.46875,48026.129455918075
2025-04-23,46450.0,2025-04-13,11,57550.0,46491.666666666664,49265.512218050884,46166.049203837996,48335.2905517444,40827.046875,47959.87836790718
2025-04-24,45550.0,2025-04-13,12,57900.0,46491.666666666664,49300.897600711585,46348.70700746936,48234.93536170572,41052.359375,47875.80656237043
2025-04-25,45200.0,2025-04-13,13,58200.0,46491.666666666664,49331.2576358587,46660.77798142861,48123.42976834625,41533.48046875,47793.93230336644
2025-04-26,44016.66666666666,2025-04-13,14,57950.0,46491.666666666664,49357.390364912455,46804.68266211541,48003.269234113395,41816.78125,47693.94483490773
2025-04-27,42833.333333333336,2025-04-13,15,57416.66666666666,46491.666666666664,49379.78728032726,46940.36281478643,47876.682045497,42014.296875,47583.56278697215
2025-04-28,41650.0,2025-04-13,16,56883.333333333336,46491.666666666664,49398.951857532295,47068.917388436996,47745.63126321882,42388.421875,47477.77079380788
2025-04-29,41300.0,2025-04-13,17,56350.0,46491.666666666664,49415.42229045447,47348.61879983975,47611.7144824937,42703.375,47366.29750836901
2025-04-30,41150.0,2025-04-13,18,56150.0,46491.666666666664,49429.563624094015,47498.17448698852,47476.277334056795,43201.953125,47262.561123603955
2025-05-01,41150.0,2025-04-13,19,56150.0,46491.666666666664,49441.701406920365,47807.65702128983,47340.42713548988,43349.765625,47140.89405996539
2025-05-02,40950.0,2025-04-13,20,53900.0,46491.666666666664,49452.11328219936,47838.72349051541,47205.05824368447,44069.71875,47048.29126900025
2025-05-03,40666.66666666666,2025-04-13,21,53250.0,46491.666666666664,49461.04398361223,47836.3241095397,47070.886768214405,44057.01171875,46920.193015741184
2025-05-04,40383.333333333336,2025-04-13,22,51416.66666666666,46491.666666666664,49468.71022474488,47829.27515644612,46938.48333451897,43423.734375,46762.74588654302
2025-05-05,40100.0,2025-04-13,23,49583.333333333336,46491.666666666664,49475.2899961835,47820.96559144022,46808.29356089234,44082.1953125,46671.988648472725
2025-05-06,40300.0,2025-04-13,24,47750.0,46491.666666666664,49480.93615795913,47971.67837561227,46680.65365999937,43994.62109375,46546.3520316869
2025-05-07,40350.0,2025-04-13,25,47100.0,46491.666666666664,49485.78082438603,48001.80962198347,46555.792584083974,44216.68359375,46438.83713456728
2025-05-08,40350.0,2025-04-13,26,48250.0,46491.666666666664,49489.93795339149,47930.21063883985,46433.839240670204,45015.109375,46362.902747386695
2025-05-09,40250.0,2025-04-13,27,48250.0,46491.666666666664,49493.505601179546,47998.252670529815,46314.754625968635,45468.88671875,46272.4612306077
2025-05-10,40250.0,2025-04-13,28,48250.0,46491.666666666664,49496.567235442795,47911.616706891546,46197.99873251468,45216.26171875,46148.91188182645
2025-05-11,40250.0,2025-04-13,29,48216.66666666666,46491.666666666664,49499.19447705575,47832.9522202713,46083.877545036376,43941.81640625,45976.77448809706
2025-05-12,40250.0,2025-04-13,30,48183.333333333336,46491.666666666664,49501.44894962398,47944.82028873393,45972.06109147519,44473.5859375,45897.13733377643
2025-05-13,40250.0,2025-05-13,1,48150.0,43801.666666666664,40241.026184510694,46098.44677614532,40246.5807557106,46186.9921875,40543.60132730007
2025-05-14,38750.0,2025-05-13,2,48400.0,43801.666666666664,40227.22436127928,46163.81649647403,40226.91426500678,46103.50390625,40520.74374706894
2025-05-15,38200.0,2025-05-13,3,48800.0,43801.666666666664,40222.90733155942,46129.84341039601,40198.12868833542,47515.625,40564.00350391865
2025-05-16,38200.0,2025-05-13,4,48900.0,43801.666666666664,40219.92545758104,46252.814637879346,40162.171874940395,47393.2734375,40523.72695306838
2025-05-17,37966.66666666666,2025-05-13,5,48900.0,43801.666666666664,40216.317104966474,46255.87242694017,40120.62347829342,46955.87890625,40462.38624969125
2025-05-18,37733.333333333336,2025-05-13,6,49033.333333333336,43801.666666666664,40212.359949250626,46262.673839253825,40074.850971251726,46293.14453125,40385.76564925164
2025-05-19,37500.0,2025-05-13,7,49166.66666666666,43801.666666666664,40208.75486132946,46302.854844005065,40025.87001249194,45855.19140625,40317.33608217984
2025-05-20,36850.0,2025-05-13,8,49300.0,43801.666666666664,40206.341336637866,46506.49215707343,39974.86319690943,45248.1640625,40238.528240188956
2025-05-21,36700.0,2025-05-13,9,50450.0,43801.666666666664,40204.33131206003,46587.15870270147,39922.63712286949,44485.50390625,40150.780462038514
2025-05-22,35800.0,2025-05-13,10,50550.0,43801.666666666664,40202.43160978143,46555.69062655727,39869.7635859251,44969.796875,40124.76525037885
2025-05-23,34750.0,2025-05-13,11,50550.0,43801.666666666664,40200.725799153515,46667.54890222932,39816.317473351955,44397.93359375,40045.39827937186
2025-05-24,34583.333333333336,2025-05-13,12,50550.0,43801.666666666664,40199.27810801833,46645.53901383979,39762.7091050148,43874.40625,39968.29396226406
2025-05-25,34416.666666666664,2025-05-13,13,49750.0,43801.666666666664,40198.096691899314,46613.48709445712,39709.45333093405,43008.8671875,39874.424023762345
2025-05-26,34250.0,2025-05-13,14,48950.0,43801.666666666664,40197.08240646631,46601.70547046214,39656.63595944643,42770.23046875,39812.315684911606
2025-05-27,34300.0,2025-05-13,15,48150.0,43801.666666666664,40196.19016352929,46741.44078570939,39604.80226352811,42397.015625,39744.412931601706
2025-05-28,34150.0,2025-05-13,16,47300.0,43801.666666666664,40195.41899954261,46747.900846428216,39554.25023213029,41908.21484375,39671.948462711276
2025-05-29,34150.0,2025-05-13,17,47250.0,43801.666666666664,40194.761932093985,47695.66931242222,39505.16942366958,42284.7890625,39644.1504056111
2025-05-30,34150.0,2025-05-13,18,47500.0,43801.666666666664,40194.203186477556,46657.55879017207,39457.29227215052,42236.2578125,39596.24054916799
2025-05-31,34933.333333333336,2025-05-13,19,47250.0,43801.666666666664,40193.72264791985,46544.16800880118,39410.41517779231,42151.578125,39547.47332515269
2025-06-01,35716.666666666664,2025-05-13,20,46433.333333333336,43801.666666666664,40193.30785334063,45552.606024420376,39364.34156149626,41463.9921875,39469.32409279644
2025-06-02,36500.0,2025-05-13,21,45616.66666666666,43801.666666666664,40192.95162309053,46080.1860784641,39319.03007924557,41598.43359375,39433.000254970786
2025-06-03,37100.0,2025-05-13,22,44800.0,43801.666666666664,40192.646594030375,46137.34214683247,39274.45810884237,41377.015625,39379.58598465026
2025-06-04,38000.0,2025-05-13,23,43850.0,43801.666666666664,40192.38518341034,46070.341028930095,39230.59210702777,40901.18359375,39314.12168136388
2025-06-05,38100.0,2025-05-13,24,42900.0,43801.666666666664,40192.160612283726,45895.008968159564,39187.39463016391,41562.6640625,39306.15810178071
2025-06-06,38100.0,2025-05-13,25,41900.0,43801.666666666664,40191.96763206518,52027.110148969405,39144.618394225836,41687.4765625,39271.76130263954
2025-06-07,38100.0,2025-05-13,26,41800.0,43801.666666666664,40191.802014339875,45729.00746538396,39102.19631269574,41913.51171875,39242.76208299845
2025-06-08,38100.0,2025-05-13,27,41150.0,43801.666666666664,40191.659950399655,45594.99089762407,39060.08626148105,41096.203125,39161.892104656996
2025-06-09,38100.0,2025-05-13,28,40500.0,43801.666666666664,40191.53803888947,45504.77898710758,39018.29370111227,41523.38671875,39143.548351994155
2025-06-10,38550.0,2025-05-13,29,39850.0,43801.666666666664,40191.43337096931,45593.72280390638,38976.764806360006,41310.1328125,39093.433206667
2025-06-11,38550.0,2025-05-13,30,39250.0,43801.666666666664,40191.34351311597,45580.513679935975,38935.4691542685,40726.765625,39025.03397780508
2025-06-12,39700.0,2025-06-12,1,38500.0,36751.666666666664,38569.89722497827,41938.68428786269,38562.80822828412,47857.00390625,39027.518012182416
2025-06-13,40200.0,2025-06-12,2,38200.0,36751.666666666664,38633.373836913226,42084.95768931327,38534.751242399216,47839.26953125,38999.97715684176
2025-06-14,41566.66666666666,2025-06-12,3,38700.0,36751.666666666664,38692.00356253759,42184.8881799386,38496.52050808072,46970.60546875,38920.224756114185
2025-06-15,42933.333333333336,2025-06-12,4,38700.0,36751.666666666664,38764.06133531134,42284.660655216925,38455.12110590935,46436.9609375,38854.21309748888
2025-06-16,44300.0,2025-06-12,5,38700.0,36751.666666666664,38797.2302853013,42438.07722221579,38413.37769031525,45769.046875,38781.16114954949
2025-06-17,44850.0,2025-06-12,6,38700.0,36751.666666666664,38825.24345120588,42756.058557132885,38372.693617641926,45281.66015625,38718.14194457233
2025-06-18,44900.0,2025-06-12,7,38700.0,36751.666666666664,38856.18499290138,42953.450791544295,38333.57983753085,45014.14453125,38667.60807221681
2025-06-19,44700.0,2025-06-12,8,38500.0,36751.666666666664,38883.38936469763,43127.70454479757,38296.09563574195,46398.515625,38701.21663520485
2025-06-20,45100.0,2025-06-12,9,38100.0,36751.666666666664,38907.060582117054,43384.49747160689,38260.24179235101,45818.671875,38638.16329648346
2025-06-21,44716.66666666666,2025-06-12,10,37500.0,36751.666666666664,38925.16575009327,43587.812217793005,38225.71095749736,45005.24609375,38564.68771430999
2025-06-22,44333.333333333336,2025-06-12,11,36966.66666666666,36751.666666666664,38940.72341172158,43780.98235680093,38192.527313530445,44245.48046875,38495.174971291424
2025-06-23,43950.0,2025-06-12,12,36433.333333333336,36751.666666666664,38954.846518432925,44014.940676493745,38160.68305969238,43945.30078125,38449.91394577026
2025-06-24,43300.0,2025-06-12,13,35900.0,36751.666666666664,38967.00621173493,44397.793779630134,38129.84666377306,43627.6484375,38404.73675245941
2025-06-25,42800.0,2025-06-12,14,36150.0,36751.666666666664,38977.33143095727,44641.703253414635,38099.85587000847,43248.40234375,38357.28319369555
2025-06-26,42650.0,2025-06-12,15,34650.0,36751.666666666664,38986.018552806556,44841.63803337461,38070.61316892505,44355.13671875,38384.839346416295
2025-06-27,42650.0,2025-06-12,16,35450.0,36751.666666666664,38993.49404615123,43132.27641154709,38041.97658672929,44186.0625,38349.18088239282
2025-06-28,42166.66666666666,2025-06-12,17,33800.0,36751.666666666664,38999.982420611545,45282.10414962639,38013.93286213279,43798.953125,38303.18387527615
2025-06-29,41683.333333333336,2025-06-12,18,33050.0,36751.666666666664,39005.54489208335,45426.60994042231,37986.38526573777,43058.82421875,38240.00721338838
2025-06-30,41200.0,2025-06-12,19,32300.0,36751.666666666664,39010.295242844055,45584.493430369395,37959.247989207506,43036.1015625,38213.09066787213
2025-07-01,40700.0,2025-06-12,20,31550.0,36751.666666666664,39014.356883070795,45039.46077275345,37932.13021457195,46274.7265625,38349.260031968355
2025-07-02,40400.0,2025-06-12,21,31400.0,36751.666666666664,39017.8451058996,45151.386420039584,37904.7885581851,46339.515625,38326.52491152585
2025-07-03,40050.0,2025-06-12,22,31100.0,36751.666666666664,39020.84332137424,45191.89294517697,37877.03580185771,48261.65625,38396.26682426482
2025-07-04,39850.0,2025-06-12,23,30900.0,36751.666666666664,39023.4131875086,45265.50911015025,37848.80563914776,47697.90625,38341.26066969037
2025-07-05,40100.0,2025-06-12,24,29450.0,36751.666666666664,39025.61433928579,45235.940439361795,37819.92645338178,48016.296875,38329.74497446269
2025-07-06,40350.0,2025-06-12,25,29283.33333333333,36751.666666666664,39027.501130402394,45147.153241838256,37790.622126311064,47501.78125,38276.18008249551
2025-07-07,40600.0,2025-06-12,26,29116.666666666668,36751.666666666664,39029.11981662165,45051.64013060499,37761.03853210807,48002.6953125,38273.121371127665
2025-07-08,40750.0,2025-06-12,27,28950.0,36751.666666666664,39030.50839212629,45059.990240880135,37731.27552047372,47757.30078125,38232.57678351253
2025-07-09,40950.0,2025-06-12,28,28500.0,36751.666666666664,39031.698855704315,44887.74419652477,37701.40797868371,46245.19140625,38128.59715006202
2025-07-10,41500.0,2025-06-12,29,28100.0,36751.666666666664,39032.719392519575,44634.09880821907,37671.49519249797,46972.796875,38136.56027662307
2025-07-11,41500.0,2025-06-12,30,27600.0,36751.666666666664,39033.59447092779,44407.53179779102,37641.40844941139,45308.953125,38024.78568319082
2025-07-12,41683.333333333336,2025-07-12,1,27450.0,42148.333333333336,41591.27897697055,42935.9844544406,41569.58734281361,36552.52734375,41318.73434286043
2025-07-13,41866.66666666666,2025-07-12,2,26966.666666666668,42148.333333333336,41720.7267620517,42590.003620340285,41760.97932755947,35346.20703125,41440.240712743995
2025-07-14,42050.0,2025-07-12,3,26483.33333333333,42148.333333333336,41831.85517871263,42260.93264211433,41936.075919121504,34898.4765625,41584.19595129043
2025-07-15,42600.0,2025-07-12,4,26000.0,42148.333333333336,41940.1746757761,42033.35502136845,42080.4287487641,34048.1953125,41678.817076950894
2025-07-16,42950.0,2025-07-12,5,25550.0,42148.333333333336,42001.44186054316,41642.28200604292,42193.82856115699,32854.609375,41726.86760184914
2025-07-17,43150.0,2025-07-12,6,25300.0,42148.333333333336,42059.4967897004,41183.4193811805,42278.63645069301,32478.84765625,41788.64701097086
2025-07-18,43700.0,2025-07-12,7,25300.0,42148.333333333336,42116.43098882955,40793.244408524326,42338.52520920336,31434.1015625,41793.304026868194
2025-07-19,44016.66666666666,2025-07-12,8,24750.0,42148.333333333336,42164.75098866972,40314.52247188944,42377.43948493153,31405.912109375,41828.863116153705
2025-07-20,44333.333333333336,2025-07-12,9,24583.33333333333,42148.333333333336,42205.70875409866,39795.37225095878,42399.12481177598,31013.59765625,41829.848453999686
2025-07-21,44650.0,2025-07-12,10,24416.666666666668,42148.333333333336,42238.71070713485,39315.04299282067,42406.55737388879,30412.94921875,41806.87696613185
2025-07-22,45900.0,2025-07-12,11,24250.0,42148.333333333336,42267.51051036447,38959.71857202947,42402.82685644925,29702.09375,41767.79020112679
2025-07-23,47400.0,2025-07-12,12,24050.0,42148.333333333336,42292.90206775559,38465.58940772489,42390.37021622062,28802.3515625,42390.37021622062
2025-07-24,48300.0,2025-07-12,13,23750.0,42148.333333333336,42314.53988470449,37929.10027781126,42371.14563845098,28355.013671875,42371.14563845098
2025-07-25,49300.0,2025-07-12,14,23500.0,42148.333333333336,42332.916982719216,37487.018332002466,42346.84276729822,27510.27734375,42346.84276729822
2025-07-26,50200.0,2025-07-12,15,23450.0,42148.333333333336,42348.524700359194,36981.95100692675,42318.66545472294,27364.466796875,42318.66545472294
2025-07-27,51100.0,2025-07-12,16,23083.33333333333,42148.333333333336,42361.9521065217,36461.422554853256,42287.3994320631,27014.490234375,42287.3994320631
2025-07-28,52000.0,2025-07-12,17,22716.666666666668,42148.333333333336,42373.51091993384,36003.67239130209,42253.64828296006,26826.8046875,42253.64828296006
2025-07-29,52600.0,2025-07-12,18,22350.0,42148.333333333336,42383.38899179829,35693.48934629356,42218.177651800215,26538.294921875,42218.177651800215
2025-07-30,54000.0,2025-07-12,19,22300.0,42148.333333333336,42391.82549406179,35265.322057100224,42181.52715601027,26093.07421875,42181.52715601027
2025-07-31,53900.0,2025-07-12,20,22050.0,42148.333333333336,42399.04183272493,34813.57251031755,42144.126617349684,26058.30078125,42144.126617349684
2025-08-01,53200.0,2025-07-12,21,22050.0,42148.333333333336,42405.2272402154,34200.27004094646,42106.32843505591,26654.265625,42106.32843505591
2025-08-02,53283.333333333336,2025-07-12,22,22000.0,42148.333333333336,42410.52711981215,33810.42887833832,42068.301300518215,26766.421875,42068.301300518215
2025-08-03,53366.66666666666,2025-07-12,23,21783.33333333333,42148.333333333336,42415.061666849506,33416.50966874637,42030.22580128163,26369.884765625,42030.22580128163
2025-08-04,53450.0,2025-07-12,24,21566.666666666668,42148.333333333336,42418.94141862915,33094.06243901759,41992.14484151453,26376.822265625,41992.14484151453
2025-08-05,53550.0,2025-07-12,25,21350.0,42148.333333333336,42422.26265990489,32925.17671273131,41953.86145208031,25997.38671875,41953.86145208031
2025-08-06,53700.0,2025-07-12,26,21300.0,42148.333333333336,42425.10665187472,32641.65222196762,41915.28163384646,25593.13671875,41915.28163384646
2025-08-07,53500.0,2025-07-12,27,21250.0,42148.333333333336,42427.54154091096,32335.349960622123,41876.32932942361,25859.5625,41876.32932942361
2025-08-08,53800.0,2025-07-12,28,21850.0,42148.333333333336,42429.62561703743,32138.365294596115,41836.99576295912,25550.09765625,41836.99576295912
2025-08-09,53766.66666666666,2025-07-12,29,21150.0,42148.333333333336,42431.40950237193,31888.65023198386,41797.23022952676,25704.453125,41797.23022952676
2025-08-10,53733.333333333336,2025-07-12,30,20933.33333333333,42148.333333333336,42432.93663545599,31629.19101873163,41756.817623227835,25401.93359375,41756.817623227835
2025-08-11,53700.0,2025-08-11,1,20716.666666666668,49035.0,53758.92193254474,36923.35663772767,53228.47019508482,23560.970703125,53228.47019508482
2025-08-12,53200.0,2025-08-11,2,20500.0,49035.0,53765.38751406456,36705.355286420425,53050.30322521926,23512.65625,53050.30322521926
2025-08-13,52700.0,2025-08-11,3,20650.0,49035.0,53793.139860213996,36371.16615877914,52869.795247912414,23523.12109375,52869.795247912414
2025-08-14,51100.0,2025-08-11,4,20700.0,49035.0,53798.51234882173,35964.65328154453,52655.59267699719,24192.625,52655.59267699719
2025-08-15,50050.0,2025-08-11,5,21000.0,49035.0,53800.96714021116,35672.99679488076,52405.87949603797,24080.22265625,52405.87949603797
2025-08-16,50050.0,2025-08-11,6,21450.0,49035.0,53808.78380926796,35310.70465763019,52123.56382757425,24249.73046875,52123.56382757425
2025-08-17,50050.0,2025-08-11,7,21583.33333333333,49035.0,53814.988576895725,34306.940172325085,51813.57731074095,23576.755859375,51813.57731074095
2025-08-18,50050.0,2025-08-11,8,21716.666666666668,49035.0,53820.91934846949,34561.630422282054,51481.66130334139,23962.349609375,51481.66130334139
2025-08-19,46350.0,2025-08-11,9,21850.0,49035.0,53824.75652284575,34401.5095448872,51134.44956988096,23510.994140625,51134.44956988096
2025-08-20,44000.0,2025-08-11,10,21950.0,49035.0,53827.911195684246,34139.18391429872,50778.26852500439,23226.4921875,50778.26852500439
2025-08-21,43150.0,2025-08-11,11,21800.0,49035.0,53831.15533829415,33818.37941209035,50418.767477571964,23655.25,50418.767477571964
2025-08-22,42250.0,2025-08-11,12,21650.0,49035.0,53833.929597667004,33625.865918349795,50059.743056446314,23415.41015625,50059.743056446314
2025-08-23,41633.333333333336,2025-08-11,13,21650.0,49035.0,53836.27157502195,33375.468047033755,49704.37641069293,23445.06640625,49704.37641069293
2025-08-24,41016.66666666666,2025-08-11,14,21850.0,49035.0,53838.19377258458,33132.07322055259,49355.979742109776,22735.998046875,49355.979742109776
2025-08-25,40400.0,2025-08-11,15,22050.0,49035.0,53839.84621359659,32884.38010929557,49016.80512949824,23135.0234375,49016.80512949824
2025-08-26,40350.0,2025-08-11,16,22250.0,49035.0,53841.31188564519,32867.70704660002,48688.58824148774,22816.47265625,48688.58824148774
2025-08-27,40200.0,2025-08-11,17,21700.0,49035.0,53842.568230109515,32756.33712370447,48372.42293935269,22634.5078125,48372.42293935269
2025-08-28,39900.0,2025-08-11,18,21750.0,49035.0,53843.636946303974,32592.169454875337,48068.88842936605,23012.30859375,48068.88842936605
2025-08-29,40000.0,2025-08-11,19,21950.0,49035.0,53844.54830891266,32560.005030960187,47778.48532516509,22910.0,47778.48532516509
2025-08-30,39700.0,2025-08-11,20,22100.0,49035.0,53845.33248871221,32471.597281459573,47500.4550030455,23060.810546875,47500.4550030455
2025-08-31,39400.0,2025-08-11,21,22166.666666666668,49035.0,53846.00948163735,32389.70287892211,47235.857195965946,22466.08203125,47235.857195965946
2025-09-01,39100.0,2025-08-11,22,22233.33333333333,49035.0,53846.59003528466,33168.987679704755,46985.454623028636,22725.9921875,46985.454623028636
2025-09-02,38700.0,2025-08-11,23,22300.0,49035.0,53847.087087396416,33306.42867690412,46748.56218267232,22401.625,46748.56218267232
2025-09-03,38600.0,2025-08-11,24,22600.0,49035.0,53847.51336491326,33342.381586142335,46524.61783029139,22279.279296875,46524.61783029139
2025-09-04,38450.0,2025-08-11,25,22400.0,49035.0,53847.8795600592,33316.82370502059,46312.96064667404,22491.6640625,46312.96064667404
2025-09-05,37700.0,2025-08-11,26,22550.0,49035.0,53848.194156834135,33666.72188584373,46112.82596252859,22660.41015625,46112.82596252859
2025-09-06,37516.66666666666,2025-08-11,27,22450.0,49035.0,53848.464071893824,33440.477988465,45923.36252015084,22676.5,45923.36252015084
2025-09-07,37333.333333333336,2025-08-11,28,22866.666666666668,49035.0,53848.69560426314,33461.29677697091,45744.05390936881,21942.5546875,45744.05390936881
2025-09-08,37150.0,2025-08-11,29,23283.33333333333,49035.0,53848.89431238433,33460.72177688425,45573.77350572497,22328.66015625,45573.77350572497
2025-09-09,36800.0,2025-08-11,30,23700.0,49035.0,53849.0648981895,33671.15261032286,45411.96296997368,22069.478515625,45411.96296997368
2025-09-10,35700.0,2025-09-10,1,23600.0,43020.0,36561.89558368541,35997.30214682559,36623.459470272064,22794.8359375,36623.459470272064
2025-09-11,35650.0,2025-09-10,2,23550.0,43020.0,36415.09500649727,35957.58862132942,36414.573115855455,23521.92578125,36414.573115855455
2025-09-12,35600.0,2025-09-10,3,23500.0,43020.0,36280.18468060559,36034.41413951965,36227.47193798423,23811.01171875,36227.47193798423
2025-09-13,35166.666666666664,2025-09-10,4,23550.0,43020.0,36152.758783875055,36036.903372657995,36065.519623458385,23800.27734375,36065.519623458385
2025-09-14,34733.333333333336,2025-09-10,5,23300.0,43020.0,36029.886237255516,36031.7465338153,35926.889234781265,23017.49609375,35926.889234781265
2025-09-15,34300.0,2025-09-10,6,23050.0,43020.0,35930.67539140839,36061.10115986507,35808.461248874664,23382.1484375,35808.461248874664
2025-09-16,33950.0,2025-09-10,7,22800.0,43020.0,35851.19885627907,36209.64532924235,35706.79007098079,23063.45703125,35706.79007098079
2025-09-17,34300.0,2025-09-10,8,23900.0,43020.0,35781.303488827536,36239.255651339474,35619.03544515371,22922.59765625,35619.03544515371
2025-09-18,34550.0,2025-09-10,9,23800.0,43020.0,35719.3629508612,36197.14977924684,35542.89224743843,23280.0390625,35542.89224743843
2025-09-19,34650.0,2025-09-10,10,23900.0,43020.0,35665.225465025665,36258.64560378818,35477.93845683336,23443.056640625,35477.93845683336
2025-09-20,34583.333333333336,2025-09-10,11,23700.0,43020.0,35619.36131438277,36233.90236003832,35422.77149707079,23399.38671875,35422.77149707079
2025-09-21,34516.666666666664,2025-09-10,12,23783.33333333333,43020.0,35580.399811815434,36190.884507467985,35375.75476914644,22644.734375,35375.75476914644
2025-09-22,34450.0,2025-09-10,13,23866.666666666668,43020.0,35546.63074392564,36173.232537881595,35335.72752028704,22995.73046875,35335.72752028704
2025-09-23,34550.0,2025-09-10,14,23950.0,43020.0,35517.33509781812,36267.28098760538,35301.63820832968,22698.43359375,35301.63820832968
2025-09-24,34600.0,2025-09-10,15,24200.0,43020.0,35492.071442136024,36236.69791168819,35272.64435142279,22552.83984375,35272.64435142279
2025-09-25,34700.0,2025-09-10,16,24100.0,43020.0,35470.3997161797,36130.586554788344,35248.04310128093,22813.84375,35248.04310128093
2025-09-26,34900.0,2025-09-10,17,24200.0,43020.0,35451.77693679747,36126.20239383683,35227.05516219139,22931.234375,35227.05516219139
2025-09-27,34683.333333333336,2025-09-10,18,24350.0,43020.0,35435.70828918733,36035.65180786722,35209.12668034434,22897.267578125,35209.12668034434
2025-09-28,34466.666666666664,2025-09-10,19,24533.33333333333,43020.0,35421.84577822086,35928.81424074367,35193.84343549609,22214.32421875,35193.84343549609
2025-09-29,34250.0,2025-09-10,20,24716.666666666668,43020.0,35409.90706780777,35851.17297050363,35180.72022050619,22553.73828125,35180.72022050619
2025-09-30,34250.0,2025-09-10,21,24900.0,43020.0,35399.63366339326,35890.79565279168,35169.52535286546,22251.552734375,35169.52535286546
2025-10-01,34300.0,2025-09-10,22,24950.0,43020.0,35390.78775791163,37612.67964915887,35160.03027036786,22290.6015625,35160.03027036786
2025-10-02,34250.0,2025-09-10,23,25050.0,43020.0,35383.164910580716,37467.86385918484,35152.04229429364,22646.09765625,35152.04229429364
2025-10-03,34550.0,2025-09-10,24,25050.0,43020.0,35376.59697360034,37434.560077083996,35145.429591834545,22615.9609375,35145.429591834545
2025-10-04,34850.0,2025-09-10,25,25000.0,43020.0,35370.94035370927,37325.871535095226,35139.97530192137,22780.287109375,35139.97530192137
2025-10-05,35150.0,2025-09-10,26,25000.0,43020.0,35366.0691169725,37212.44007218759,35135.541351139545,22189.80078125,35135.541351139545
2025-10-06,35450.0,2025-09-10,27,25000.0,43020.0,35361.8734539017,37140.26748853737,35132.18858540058,22640.548828125,35132.18858540058
2025-10-07,35650.0,2025-09-10,28,25000.0,43020.0,35358.25914519768,37197.69221964724,35129.7391474247,22321.5,35129.7391474247
2025-10-08,36200.0,2025-09-10,29,25250.0,43020.0,35355.14581919279,37149.99626759597,35128.08226644993,22241.703125,35128.08226644993
2025-10-09,36500.0,2025-09-10,30,25350.0,43020.0,35352.46428744723,37047.48356828867,35127.12667360902,22718.654296875,35127.12667360902
2025-10-10,36600.0,2025-10-10,1,25250.0,34848.333333333336,36699.65868287668,36399.69322670308,36459.91892144084,29294.28515625,36101.637233181296
2025-10-11,36816.66666666666,2025-10-10,2,25200.0,34848.333333333336,36893.09907966183,36408.73594906526,36667.32079163194,30880.53125,36377.98131455034
2025-10-12,37033.333333333336,2025-10-10,3,25366.666666666668,34848.333333333336,37066.92205798523,36423.173202792,36868.567083776,30063.056640625,36528.29156161845
2025-10-13,37250.0,2025-10-10,4,25533.33333333333,34848.333333333336,37241.52328996929,36481.677872414955,37038.49723339081,30685.31640625,36720.83819203377
2025-10-14,37350.0,2025-10-10,5,25700.0,34848.333333333336,37377.49957718549,36680.111846697335,37176.82105228305,30329.85546875,36834.4727731064
2025-10-15,37500.0,2025-10-10,6,25800.0,34848.333333333336,37487.23670555486,36783.21603374987,37286.72515004873,29745.17578125,36909.647681608796
2025-10-16,37500.0,2025-10-10,7,26000.0,34848.333333333336,37585.05878440931,36824.26961379842,37372.20429480076,28128.310546875,36910.00960740447
2025-10-17,37600.0,2025-10-10,8,26050.0,34848.333333333336,37671.11767701664,37001.25823764187,37437.28133738041,29216.392578125,37026.236899417636
2025-10-18,37750.0,2025-10-10,9,26200.0,34848.333333333336,37746.68220144717,37099.53062251567,37485.447897017,30488.5078125,37135.60089279115
2025-10-19,37900.0,2025-10-10,10,26316.666666666668,34848.333333333336,37810.41428537795,37201.29206488632,37519.82817724347,29757.10546875,37131.692041818795
2025-10-20,38050.0,2025-10-10,11,26433.33333333333,34848.333333333336,37864.60805402476,37344.324854058796,37543.07365566492,30562.197265625,37194.029836162925
2025-10-21,37950.0,2025-10-10,12,26550.0,34848.333333333336,37911.72556191324,37623.6774743243,37557.389606535435,30450.98828125,37202.069540271164
2025-10-22,37900.0,2025-10-10,13,26650.0,34848.333333333336,37952.57202589551,37803.36318121021,37564.535880833864,30117.0234375,37192.16025866717
2025-10-23,38200.0,2025-10-10,14,26650.0,34848.333333333336,37987.81904795549,37916.02505263254,37565.91973528266,29070.650390625,37141.156268049774
2025-10-24,38350.0,2025-10-10,15,26700.0,34848.333333333336,38018.049238510146,38159.107333904765,37562.61221393943,29938.587890625,37181.41099777371
2025-10-25,38383.333333333336,2025-10-10,16,26800.0,34848.333333333336,38044.03950114311,38317.5127207882,37555.50260320306,30967.158203125,37226.085383199155
2025-10-26,38416.66666666666,2025-10-10,17,27633.33333333333,34848.333333333336,38066.4861585262,38473.094362867545,37545.29219120741,30299.810546875,37183.018108990786
2025-10-27,38450.0,2025-10-10,18,28466.666666666668,34848.333333333336,38085.85609946909,38663.37289085771,37532.5223505497,30950.265625,37203.409514272214
2025-10-28,38800.0,2025-10-10,19,29300.0,34848.333333333336,38102.544288666686,38983.220717328,37517.789839208126,30745.1640625,37179.15855037272
2025-10-29,38850.0,2025-10-10,20,29450.0,34848.333333333336,38116.90980503078,39196.5545843004,37501.551001518965,30450.0625,37148.97657644302
2025-10-30,39450.0,2025-10-10,21,29600.0,34848.333333333336,38129.28485000115,39335.9938560771,37484.17091295123,29779.732421875,37098.94898839742
2025-10-31,39750.0,2025-10-10,22,29700.0,34848.333333333336,38139.95447593736,39599.02476734149,37465.877355635166,30266.037109375,37105.88534332216
2025-11-01,40066.66666666666,2025-10-10,23,30000.0,34848.333333333336,38149.15129136995,39866.47097142484,37446.85364738107,32023.724609375,37175.69719548077
2025-11-02,40383.333333333336,2025-10-10,24,30850.0,34848.333333333336,38157.07527652975,40028.6975132576,37427.2854462266,31500.048828125,37130.92361532152
2025-11-03,40700.0,2025-10-10,25,31700.0,34848.333333333336,38163.90196503466,40219.243790531655,37407.18523338437,31917.9921875,37132.725581090155
2025-11-04,41100.0,2025-10-10,26,32550.0,34848.333333333336,38169.78447900332,40533.22134237042,37386.591232568026,31755.13671875,37105.018506877124
2025-11-05,41200.0,2025-10-10,27,33750.0,34848.333333333336,38174.85418549825,40734.82257273162,37365.53698703647,31617.412109375,37078.13074315339
2025-11-06,41200.0,2025-10-10,28,34400.0,34848.333333333336,38179.223047386855,40856.9760021178,37344.048239290714,31718.283203125,37062.75998748243
2025-11-07,41250.0,2025-10-10,29,34000.0,34848.333333333336,38182.98758963064,41097.50860098382,37322.18583524227,31927.49609375,37052.451348167655
2025-11-08,41233.333333333336,2025-10-10,30,34800.0,34848.333333333336,38186.23140258667,41241.795156517095,37299.8639665544,32325.53515625,37051.14752603918
2025-11-09,41216.66666666666,2025-11-09,1,35283.333333333336,38766.11111111111,41285.0247851107,40718.79778516962,41472.14690595865,34072.875,41102.18331066072
2025-11-10,41200.0,2025-11-09,2,35766.666666666664,38766.11111111111,41317.76466084911,40877.30273398966,41525.917530059814,34201.171875,41159.680247306824
2025-11-11,40900.0,2025-11-09,3,36250.0,38766.11111111111,41332.089817176944,41153.54111625334,41544.820326566696,34058.76171875,41170.51739617586
2025-11-12,40800.0,2025-11-09,4,36650.0,38766.11111111111,41348.68089265696,41312.54245335539,41548.01395684481,34156.9609375,41178.461305877565
2025-11-13,40800.0,2025-11-09,5,37450.0,38766.11111111111,41360.818284050336,41395.43855815409,41540.82945883274,34449.6015625,41186.268064016105
2025-11-14,40900.0,2025-11-09,6,36850.0,38766.11111111111,41375.72279054223,41574.75372869131,41526.467483490705,34499.22265625,41175.10524212867
2025-11-15,40866.66666666666,2025-11-09,7,37450.0,38766.11111111111,41387.82502992189,41668.31057788867,41507.11068287492,34511.12109375,41157.31120341867
2025-11-16,40833.333333333336,2025-11-09,8,37383.333333333336,38766.11111111111,41396.70629447321,41746.206941721044,41484.31998863816,34202.41796875,41120.22488764375
2025-11-17,40800.0,2025-11-09,9,37316.66666666666,38766.11111111111,41404.71900646841,41844.96256901139,41459.071665629745,34293.13671875,41100.77491828576
2025-11-18,40850.0,2025-11-09,10,37250.0,38766.11111111111,41411.69559447862,42062.7327646956,41431.969882547855,34050.6171875,41062.902247795464
2025-11-19,40900.0,2025-11-09,11,38050.0,38766.11111111111,41418.004166549865,42165.484273615715,41403.39570641518,34012.28125,41033.839983594415
2025-11-20,40650.0,2025-11-09,12,37600.0,38766.11111111111,41423.363287843036,42195.27840510657,41373.58979061246,34234.1015625,41016.615379206836
2025-11-21,40700.0,2025-11-09,13,37800.0,38766.11111111111,41427.83120596304,42325.54836237814,41342.83452257514,34189.1796875,40985.15178082138
2025-11-22,40983.333333333336,2025-11-09,14,37850.0,38766.11111111111,41431.716710872766,42374.99113666183,41311.288257688284,34089.25,40950.18634480387
2025-11-23,41266.66666666666,2025-11-09,15,38033.333333333336,38766.11111111111,41435.09265507831,42414.52959823074,41278.9166726172,33685.9765625,40899.26966711134
2025-11-24,41550.0,2025-11-09,16,38216.66666666666,38766.11111111111,41438.02090986525,42481.44373965491,41245.81805691123,33562.796875,40861.66699781567
2025-11-25,41700.0,2025-11-09,17,38400.0,38766.11111111111,41440.53420825348,42674.56855386567,41212.11254224181,33067.515625,40804.88269637972
2025-11-26,41700.0,2025-11-09,18,38600.0,38766.11111111111,41442.6868232818,42760.454196615225,41177.87969633937,32814.484375,40759.7099302724
2025-11-27,41950.0,2025-11-09,19,38600.0,38766.11111111111,41444.54612852348,42781.633838958165,41143.18270534277,32663.96484375,40719.22181226313
2025-11-28,42750.0,2025-11-09,20,38800.0,38766.11111111111,41446.152632271216,42911.88661068274,41107.91001841426,32400.392578125,40672.5341463998
2025-11-29,43766.66666666666,2025-11-09,21,38900.0,38766.11111111111,41447.53822393508,42970.11645020358,41072.16226533055,32101.42578125,40623.625441126525
2025-11-30,44783.333333333336,2025-11-09,22,38933.333333333336,38766.11111111111,41448.73106184641,43027.302952684695,41035.69762259722,31720.9140625,40569.958444592354
2025-12-01,45800.0,2025-11-09,23,38966.66666666666,38766.11111111111,41449.75803843441,41715.609309405554,40998.54807332158,31384.86328125,40517.863833718
2025-12-02,46800.0,2025-11-09,24,39000.0,38766.11111111111,41450.6436922875,41943.6311064181,40960.69099530578,31559.708984375,40490.64189475924
2025-12-03,47800.0,2025-11-09,25,38700.0,38766.11111111111,41451.40750367883,42072.46734939239,40922.10922688246,31902.494140625,40471.12847256959
2025-12-04,47900.0,2025-11-09,26,38700.0,38766.11111111111,41452.06584780785,42144.045654429254,40882.79574736953,32334.708984375,40455.3914092198
2025-12-05,48800.0,2025-11-09,27,38500.0,38766.11111111111,41452.63310541814,42331.37459231184,40842.71389320493,32704.671875,40435.811792294684
2025-12-06,49683.333333333336,2025-11-09,28,38700.0,38766.11111111111,41453.12194345636,42452.43002844611,40802.009538561106,33130.53125,40418.43562413305
2025-12-07,50566.66666666666,2025-11-09,29,38783.333333333336,38766.11111111111,41453.54333980277,42577.11730673476,40760.80944575369,33276.12890625,40386.575418778506
2025-12-08,51450.0,2025-11-09,30,38866.66666666666,38766.11111111111,41453.90659216006,42741.40864533682,40719.17329058051,33626.14453125,40364.52185261399
2025-12-09,53000.0,2025-12-09,1,38950.0,43355.55555555555,51959.106183491655,44559.28931913015,51591.58724322915,30942.123046875,51591.58724322915
2025-12-10,53050.0,2025-12-09,2,38800.0,43355.55555555555,52444.898427079774,44739.54445931202,51995.676642656326,30941.0,51995.676642656326
2025-12-11,53650.0,2025-12-09,3,39250.0,43355.55555555555,52904.59909664277,44859.40485567277,52331.021083146334,30863.39453125,52331.021083146334
2025-12-12,54550.0,2025-12-09,4,39250.0,43355.55555555555,53308.40123487735,45091.12977963609,52570.46300619841,31051.943359375,52570.46300619841
2025-12-13,53933.333333333336,2025-12-09,5,39600.0,43355.55555555555,53659.50510022593,45246.868758439865,52717.11491420866,31323.85546875,52717.11491420866
2025-12-14,53316.66666666666,2025-12-09,6,39683.333333333336,43355.55555555555,53943.16266383806,45400.79185859397,52777.62617319823,31495.982421875,52777.62617319823
2025-12-15,52700.0,2025-12-09,7,39766.66666666666,43355.55555555555,54191.82025729164,45581.45544636827,52759.71563309432,31724.203125,52759.71563309432
2025-12-16,51400.0,2025-12-09,8,39850.0,43355.55555555555,54412.34529087264,45856.99086908378,52672.13496416808,31805.716796875,52672.13496416808
2025-12-17,50850.0,2025-12-09,9,40000.0,43355.55555555555,54603.27838559882,46048.35546827163,52524.23493489624,31920.044921875,52524.23493489624
2025-12-18,48800.0,2025-12-09,10,39850.0,43355.55555555555,54767.67670967752,46173.83864706385,52325.53481012583,32051.654296875,52325.53481012583
2025-12-19,47100.0,2025-12-09,11,39850.0,43355.55555555555,54908.28283831043,46405.094329547224,52085.256645828485,32177.826171875,52085.256645828485
2025-12-20,45733.333333333336,2025-12-09,12,39950.0,43355.55555555555,55030.24373790193,46553.7525012303,51812.17941492796,32420.046875,51812.17941492796
2025-12-21,44366.66666666666,2025-12-09,13,39750.0,43355.55555555555,55136.32270610574,46693.56644340043,51514.70531374216,32511.037109375,51514.70531374216
2025-12-22,43000.0,2025-12-09,14,39550.0,43355.55555555555,55228.03230886282,46852.79374640316,51200.15691369772,32696.150390625,51200.15691369772
2025-12-23,43150.0,2025-12-09,15,39350.0,43355.55555555555,55307.19228494053,47099.39800976888,50874.98388141394,32662.990234375,50874.98388141394
2025-12-24,42500.0,2025-12-09,16,39050.0,43355.55555555555,55375.526995398664,47254.31014912904,50544.94005590677,32718.51171875,50544.94005590677
2025-12-25,42500.0,2025-12-09,17,39050.0,43355.55555555555,55434.66825531988,46220.341305026566,50214.98437896371,32882.6328125,50214.98437896371
2025-12-26,42500.0,2025-12-09,18,39050.0,43355.55555555555,55485.8714232966,47516.220429492176,49889.375284314156,32935.67578125,49889.375284314156
2025-12-27,42016.66666666666,2025-12-09,19,39500.0,43355.55555555555,55530.14052917894,47607.20271462959,49571.627013385296,33141.78515625,49571.627013385296
2025-12-28,41533.333333333336,2025-12-09,20,39300.0,43355.55555555555,55568.401448849414,47683.21576497108,49264.12269771099,33147.3515625,49264.12269771099
2025-12-29,41050.0,2025-12-09,21,39100.0,43355.55555555555,55601.47867867524,47773.23111147424,48968.06677430868,33310.64453125,48968.06677430868
2025-12-30,40500.0,2025-12-09,22,38900.0,43355.55555555555,55630.088209272544,47946.05431522531,48684.073162823915,33184.6484375,48684.073162823915
2025-12-31,40300.0,2025-12-09,23,39050.0,43355.55555555555,55654.83345802814,48023.570684096514,48412.39694803953,33160.79296875,48412.39694803953
2026-01-01,40300.0,2025-12-09,24,38700.0,43355.55555555555,55676.22988102808,46441.58226143299,48152.94783618301,34118.6640625,47451.23364749886
2026-01-02,39250.0,2025-12-09,25,38950.0,43355.55555555555,55694.72963443386,47115.42255232361,47905.395465157926,33594.6484375,47905.395465157926
2026-01-03,38933.333333333336,2025-12-09,26,39000.0,43355.55555555555,55710.72645743325,47124.71364043607,47669.224399887025,33480.72265625,47669.224399887025
2026-01-04,38616.66666666666,2025-12-09,27,38883.333333333336,43355.55555555555,55724.56020131364,47119.941783161965,47444.65306159109,33213.2109375,47444.65306159109
2026-01-05,38300.0,2025-12-09,28,38766.66666666666,43355.55555555555,55736.52312221,47131.259321337995,47230.533958785236,33356.74609375,47230.533958785236
2026-01-06,38250.0,2025-12-09,29,38650.0,43355.55555555555,55746.86756247767,47228.61826495355,47025.96805412322,33290.2890625,47025.96805412322
2026-01-07,38600.0,2025-12-09,30,38900.0,43355.55555555555,55755.81243882385,47234.98851015629,46830.07854241878,33246.3515625,46830.07854241878
2026-01-08,38600.0,2026-01-08,1,38800.0,45125.0,38605.793403069576,45650.0036153677,37957.65585452318,32281.751953125,37673.860659453276
2026-01-09,38500.0,2026-01-08,2,38650.0,45125.0,38559.25084284155,45750.364935701655,37746.12660333514,31890.22265625,37453.33140598088
2026-01-10,38400.0,2026-01-08,3,38800.0,45125.0,38551.97432993865,45785.11691107253,37600.09797587991,31824.0703125,37311.29659271091
2026-01-11,38300.0,2026-01-08,4,38716.66666666666,45125.0,38570.4017520032,45814.981126162726,37477.90690436959,31828.138671875,37195.418492744866
2026-01-12,38200.0,2026-01-08,5,38633.333333333336,45125.0,38608.316320262886,45888.19128667098,37370.85320353508,31861.666015625,37370.85320353508
2026-01-13,37650.0,2026-01-08,6,38550.0,45125.0,38617.0524688064,46079.2754283652,37275.22371262312,31897.375,37275.22371262312
2026-01-14,37650.0,2026-01-08,7,38200.0,45125.0,38618.43584476087,46162.856172735985,37188.232780992985,31957.4765625,37188.232780992985
2026-01-15,37550.0,2026-01-08,8,38350.0,45125.0,38624.892605260175,46216.68392541277,37107.97078311443,32019.4921875,37107.97078311443
2026-01-16,36000.0,2026-01-08,9,37900.0,45125.0,38633.118127095295,46330.91253398875,37033.54063183069,32095.5859375,37033.54063183069
2026-01-17,36466.66666666666,2026-01-08,10,37750.0,45125.0,38641.00752852627,46373.13995249054,36964.006236195564,32224.87109375,36964.006236195564
2026-01-18,36933.333333333336,2026-01-08,11,37250.0,45125.0,38645.77874465105,46403.84640249566,36899.54779371619,32262.7890625,36899.54779371619
2026-01-19,37400.0,2026-01-08,12,36750.0,45125.0,38649.39274644176,46471.17993940667,36839.98666703701,32392.58203125,36839.98666703701
2026-01-20,37300.0,2026-01-08,13,36250.0,45125.0,38653.13771598721,46649.738710951286,36785.04202887416,32432.447265625,36785.04202887416
2026-01-21,37300.0,2026-01-08,14,35950.0,45125.0,38656.626601415606,46714.3683381013,36734.476736187935,32474.306640625,36734.476736187935
2026-01-22,37250.0,2026-01-08,15,34650.0,45125.0,38659.60857380113,46743.18943406317,36688.03102374077,32633.740234375,36688.03102374077
2026-01-23,37200.0,2026-01-08,16,34750.0,45125.0,38662.005374605425,46826.86493901094,36644.83198672533,32691.6328125,36644.83198672533
2026-01-24,37183.333333333336,2026-01-08,17,34550.0,45125.0,38664.04545173111,46833.630015410556,36604.6502828598,32859.87890625,36604.6502828598
2026-01-25,37166.66666666666,2026-01-08,18,34550.0,45125.0,38665.873070690825,46824.71722305028,36566.9492200017,32839.328125,36566.9492200017
2026-01-26,37150.0,2026-01-08,19,34550.0,45125.0,38667.47253456301,46849.12713785761,36531.36294260621,33019.203125,36531.36294260621
2026-01-27,37150.0,2026-01-08,20,34550.0,45125.0,38668.842356983834,46982.393978634245,36497.78302013874,33023.13671875,36497.78302013874
2026-01-28,37050.0,2026-01-08,21,34550.0,45125.0,38670.009568774396,47000.36496573154,36466.059678047895,33018.9609375,36466.059678047895
2026-01-29,37000.0,2026-01-08,22,34550.0,45125.0,38671.01679334984,46982.20873345402,36436.058743298054,33256.984375,36436.058743298054
2026-01-30,37200.0,2026-01-08,23,33450.0,45125.0,38671.89294630719,47019.662788177615,36407.69128724933,33258.90625,36407.69128724933
2026-01-31,37450.0,2026-01-08,24,33000.0,45125.0,38672.65086627796,46982.04307570565,36380.75136989355,33436.87890625,36233.557746711376
2026-02-01,37700.0,2026-01-08,25,32766.666666666668,45125.0,38673.30352183351,46179.681089525766,36355.03929182887,32051.1796875,36355.03929182887
2026-02-02,37950.0,2026-01-08,26,32533.33333333333,45125.0,38673.86567257972,46166.54464367324,36330.78517541289,31901.03515625,36330.78517541289
2026-02-03,38300.0,2026-01-08,27,32300.0,45125.0,38674.3511697308,46267.17808075278,36307.798682153225,31568.091796875,36307.798682153225
2026-02-04,38450.0,2026-01-08,28,32150.0,45125.0,38674.77092179798,46258.33308441481,36285.97372174263,31428.765625,36285.97372174263
2026-02-05,38450.0,2026-01-08,29,32150.0,45125.0,38675.13336653988,46219.99160617762,36265.219025313854,31112.921875,36265.219025313854
2026-02-06,38550.0,2026-01-08,30,32000.0,45125.0,38675.44606176283,46244.59682177156,36245.36687657237,31094.927734375,36245.36687657237
2026-02-07,38733.333333333336,2026-02-07,1,31900.0,37581.666666666664,38655.41575025824,43874.140259769265,38693.745509535074,39897.125,38753.91448405832
2026-02-08,38916.66666666666,2026-02-07,2,31616.666666666668,37581.666666666664,38743.00970936324,43892.49679954526,38812.36383393407,38433.55078125,38793.42318129986
2026-02-09,39100.0,2026-02-07,3,31333.33333333333,37581.666666666664,38804.749172990174,43963.76607547671,38906.20227083564,38396.0625,38880.695282293855
2026-02-10,39300.0,2026-02-07,4,31050.0,37581.666666666664,38849.95474586695,44138.70964907143,38977.31007933617,38213.8046875,38939.134809744355
2026-02-11,39500.0,2026-02-07,5,31000.0,37581.666666666664,38897.686090402865,44210.48157668766,39028.511133790016,38023.98828125,38978.28499116302
2026-02-12,40800.0,2026-02-07,6,30750.0,37581.666666666664,38941.1788051366,44219.68654442513,39062.87971287966,37686.390625,38994.05525848568
2026-02-13,41250.0,2026-02-07,7,30250.0,37581.666666666664,38977.34929337496,44349.2597491941,39083.5486009717,37974.6796875,39028.105155298115
2026-02-14,40833.333333333336,2026-02-07,8,30250.0,37581.666666666664,39007.247187684625,44383.98783176759,39093.049143999815,38369.7578125,39056.884577424826
2026-02-15,40416.66666666666,2026-02-07,9,30166.666666666668,37581.666666666664,39032.68776164632,44420.95391199909,39093.6334207654,38092.9296875,39043.59823410213
2026-02-16,40000.0,2026-02-07,10,30083.33333333333,37581.666666666664,39055.4153675574,44515.63650815272,39087.695483863354,38528.9921875,39059.760319045185
2026-02-17,40000.0,2026-02-07,11,30000.0,37581.666666666664,39075.2205423959,44718.77659751102,39076.222129166126,38589.609375,39051.89149145782
2026-02-18,41950.0,2026-02-07,12,30000.0,37581.666666666664,39092.11119103959,44823.35108070971,39060.19313186407,38482.18359375,39031.292654958364
2026-02-19,42100.0,2026-02-07,13,30250.0,37581.666666666664,39106.56393197918,44869.62874029995,39040.40182903409,38218.3984375,38999.301659457386
2026-02-20,42250.0,2026-02-07,14,30500.0,37581.666666666664,39119.03511729111,45040.05206346884,39017.69694313407,38494.54296875,38991.53924441487
2026-02-21,42400.0,2026-02-07,15,30350.0,37581.666666666664,39129.863815422184,45118.76434931111,38992.65417009592,38842.08203125,38985.125563153626
2026-02-22,42550.0,2026-02-07,16,30866.666666666668,37581.666666666664,39139.21804560026,45202.06515875199,38965.75637683272,38508.140625,38942.875589241085
2026-02-23,42700.0,2026-02-07,17,31383.33333333333,37581.666666666664,39147.26503013235,45344.52378577267,38937.38580048084,38928.12890625,38936.9229557693
2026-02-24,42300.0,2026-02-07,18,31900.0,37581.666666666664,39154.197092133836,45595.864790942156,38907.839649915695,38956.765625,38910.28594866991
2026-02-25,41250.0,2026-02-07,19,32450.0,37581.666666666664,39160.180553080696,45747.963532104775,38877.365209162235,38826.6171875,38874.82780807912
2026-02-26,41850.0,2026-02-07,20,33150.0,37581.666666666664,39165.34852964885,45839.927348193596,38846.16685807705,38575.77734375,38832.647382360694
2026-02-27,41650.0,2026-02-07,21,33550.0,37581.666666666664,39169.80718376668,46053.005232301664,38814.40529227257,38857.1796875,38816.54401203394
2026-02-28,41416.66666666666,2026-02-07,22,33700.0,37581.666666666664,39173.65117214745,46170.144791946135,38782.249788194895,39193.52734375,38802.81366597265
2026-03-01,41183.333333333336,2026-02-07,23,34566.666666666664,37581.666666666664,39176.96656560129,46711.505963265314,38749.79941546917,42669.125,38945.765694695714
2026-03-02,40950.0,2026-02-07,24,35433.333333333336,37581.666666666664,39179.82723230578,46880.49776308407,38717.02765151858,43475.078125,38954.930175192654
2026-03-03,40700.0,2026-02-07,25,36300.0,37581.666666666664,39182.295586800334,47150.85791622404,38683.919674903154,44076.38671875,38953.5430270955
2026-03-04,40750.0,2026-02-07,26,36800.0,37581.666666666664,39184.424924236075,47313.5703475059,38650.469245016575,44497.140625,38942.80281401575
2026-03-05,40400.0,2026-02-07,27,37550.0,37581.666666666664,39186.26161891589,47407.00196911369,38616.676361858845,45810.94921875,38976.390004703404
2026-03-06,40200.0,2026-02-07,28,38950.0,37581.666666666664,39187.846050380605,47611.83816324974,38582.50592201948,46608.015625,38983.781407168506
2026-03-07,40200.0,2026-02-07,29,39900.0,37581.666666666664,39189.21297214758,47710.6621090564,38548.030472546816,47263.25,38983.79144891947
2026-03-08,40200.0,2026-02-07,30,40883.333333333336,37581.666666666664,39190.392225108095,47798.45962340922,38513.349863141775,47456.390625,38960.50190123469
2026-03-09,40200.0,2026-03-09,1,41866.66666666666,40861.666666666664,40152.673507299696,46849.07558846131,40015.16893282533,44256.4609375,40227.23353305906
2026-03-10,40300.0,2026-03-09,2,42850.0,40861.666666666664,40083.6424079725,47115.42304581589,39934.14246067405,43740.74609375,40124.47264232785
2026-03-11,40300.0,2026-03-09,3,42800.0,40861.666666666664,40037.75675966602,47245.527133452895,39871.19814530015,43229.703125,40039.12339428514
2026-03-12,40500.0,2026-03-09,4,42850.0,40861.666666666664,40014.09989364631,47313.23745486076,39815.56314006448,43299.48828125,39989.75939712375
2026-03-13,40450.0,2026-03-09,5,44050.0,40861.666666666664,39991.98805024896,47482.63403296144,39764.39406871796,43530.41796875,39952.69526371956
2026-03-14,40450.0,2026-03-09,6,45000.0,40861.666666666664,39967.476663526,47526.48040238938,39716.07695445418,44028.1875,39931.68248173148
2026-03-15,40450.0,2026-03-09,7,45100.0,40861.666666666664,39944.54270123591,47563.01551912184,39669.01576220989,44049.578125,39888.043880349396
2026-03-16,40450.0,2026-03-09,8,45200.0,40861.666666666664,39926.47335976005,47667.101184634696,39622.6940818131,44637.328125,39873.425783972445
2026-03-17,40750.0,2026-03-09,9,45300.0,40861.666666666664,39912.26643602328,47846.55110372318,39577.14857682586,45114.16796875,39853.99954642206
2026-03-18,40750.0,2026-03-09,10,45950.0,40861.666666666664,39899.68058058759,47886.7864106828,39532.341023534536,45197.7890625,39815.61342548281
2026-03-19,40750.0,2026-03-09,11,45950.0,40861.666666666664,39888.26653415764,49502.010443258725,39488.24177905917,45784.94921875,39803.07715104371
2026-03-20,40750.0,2026-03-09,12,45700.0,40861.666666666664,39878.34366831331,47943.52710466347,39444.61292028427,46059.3203125,39775.34828989506
2026-03-21,40750.0,2026-03-09,13,45550.0,40861.666666666664,39869.98788351407,47901.158414481615,39400.390423834324,46202.30078125,39740.485941705105
2026-03-22,40750.0,2026-03-09,14,45733.333333333336,40861.666666666664,39862.89529592388,47856.97292866935,39355.88944032788,45967.125,39686.451218311486
2026-03-23,40750.0,2026-03-09,15,45916.66666666666,40861.666666666664,39856.73287114273,47887.888829202304,39311.14117279649,45860.78125,39638.62317665666
2026-03-24,40750.0,2026-03-09,16,46100.0,40861.666666666664,39851.36735703517,48003.651501074404,39266.16434305906,45708.65234375,39588.28874309361
2026-03-25,42300.0,2026-03-09,17,46600.0,40861.666666666664,39846.74353120567,47991.44085154681,39220.9932744503,44924.63671875,39506.175446665286
2026-03-26,41950.0,2026-03-09,18,46800.0,40861.666666666664,39842.7798145834,47928.69973945363,39175.67321136594,44536.27734375,39443.70341798514
2026-03-27,42100.0,2026-03-09,19,46850.0,40861.666666666664,39839.3715404827,47982.91818526832,39130.502922832966,43763.109375,39362.13324544132
2026-03-28,41866.66666666666,2026-03-09,20,46800.0,40861.666666666664,39836.427908654696,47930.002483198354,39085.92627197504,43285.73828125,39295.916872438786
2026-03-29,41633.333333333336,2026-03-09,21,46800.0,40861.666666666664,39833.886133827815,47890.987735389084,39041.447910666466,43133.6875,39246.05989013314
2026-03-30,41400.0,2026-03-09,22,46800.0,40861.666666666664,39831.69642899128,47943.11250620207,38997.25037664175,42183.69140625,39156.57242812216
2026-03-31,41300.0,2026-03-09,23,46800.0,40861.666666666664,39829.81146228674,48096.083583597356,38953.40699702501,41973.1796875,39104.39563154876
2026-04-01,41550.0,2026-03-09,24,46800.0,40861.666666666664,39828.187411449464,48064.92238392596,38909.963796287775,39491.0859375,38939.01990334839
2026-04-02,41350.0,2026-03-09,25,46800.0,40861.666666666664,39826.78704547336,48069.81583310072,38866.95587784052,38685.984375,38857.90730269849
2026-04-03,39000.0,2026-03-09,26,46800.0,40861.666666666664,39825.57977993414,46516.13544062066,38824.41678494215,38190.6484375,38792.728367570046
2026-04-04,39000.0,2026-03-09,27,46800.0,40861.666666666664,39824.53949453984,48246.07682318533,38782.24042728543,38579.4375,38772.100280921164
2026-04-05,39000.0,2026-03-09,28,46800.0,40861.666666666664,39823.6431676907,49992.89324271542,38740.552397072315,38156.58984375,38711.3542694062
2026-04-06,41100.0,2026-03-09,29,46800.0,40861.666666666664,39822.87071070344,48475.912039740506,38699.33553263545,38065.1171875,38667.62461537868
2026-04-07,41150.0,2026-03-09,30,46800.0,40861.666666666664,39822.20491566419,48747.71981663867,38658.5040256381,37849.15625,38618.036636856195
2026-04-08,41050.0,2026-04-08,1,46900.0,40793.333333333336,41009.407352891794,46798.96700542659,40150.481659173965,37446.39453125,40015.277302777766
2026-04-09,40950.0,2026-04-08,2,47600.0,40793.333333333336,41216.982196889294,46973.91908674377,40123.93646016717,36520.7578125,39943.77752778381
2026-04-10,40950.0,2026-04-08,3,47550.0,40793.333333333336,41451.46965428692,47306.90720695723,40201.26147270203,36218.3046875,40002.11363344193
2026-04-11,40950.0,2026-04-08,4,47950.0,40793.333333333336,41759.2109158916,47499.40256767967,40287.07448989153,36883.078125,40116.874671646954
2026-04-12,40950.0,2026-04-08,5,48200.0,40793.333333333336,41883.75442280122,47734.4912402013,40365.127313137054,36878.95703125,40190.8187990427
2026-04-13,40100.0,2026-04-08,6,48450.0,40793.333333333336,41966.64841327109,48000.64766272573,40429.861902445555,37316.1796875,40274.177791698276
2026-04-14,39600.0,2026-04-08,7,48700.0,40793.333333333336,42077.54033524822,48397.95807556879,40479.24382016063,37520.56640625,40331.309949465096
2026-04-15,39300.0,2026-04-08,8,48900.0,40793.333333333336,42182.22746759329,48715.209103253444,40513.34912367165,37153.05078125,40345.33420655057
2026-04-16,39100.0,2026-04-08,9,48750.0,40793.333333333336,42274.80964049244,48934.7204310597,40533.426324278116,36850.546875,40349.28235181421
2026-04-17,38950.0,2026-04-08,10,48500.0,40793.333333333336,42342.49937516263,49292.05487016433,40541.1521948874,37049.75,40366.58208514303
2026-04-18,38950.0,2026-04-08,11,48500.0,40793.333333333336,42398.83204759895,49487.863372192434,40538.62864971161,38120.64453125,40417.72944378853
2026-04-19,38950.0,2026-04-08,12,47916.66666666666,40793.333333333336,42451.63379077817,49704.7958576764,40527.84644216299,38313.859375,40417.14708880484
2026-04-20,38950.0,2026-04-08,13,47333.333333333336,40793.333333333336,42498.12816895161,49931.28375166182,40510.53266003728,38956.34375,40432.82321453541
2026-04-21,38750.0,2026-04-08,14,46750.0,40793.333333333336,42537.757856647644,50267.76385765404,40488.074278086424,39285.60546875,40427.9508376196
2026-04-22,39150.0,2026-04-08,15,46850.0,40793.333333333336,42570.79544908948,50503.75880015296,40461.54234036803,38949.83203125,40385.95682491213
2026-04-23,39100.0,2026-04-08,16,46450.0,40793.333333333336,42599.144838480985,50622.69321328386,40431.76918774843,38912.3515625,40355.79830648601
2026-04-24,39350.0,2026-04-08,17,45550.0,40793.333333333336,42623.992137392845,50861.5794019583,40399.407743662596,39234.48046875,40341.161379916965
2026-04-25,39350.0,2026-04-08,18,45200.0,40793.333333333336,42645.47005733478,50922.83065971115,40364.23490643501,40645.48828125,40378.29757517576
2026-04-26,39350.0,2026-04-08,19,44016.66666666666,40793.333333333336,42663.86524157285,50991.13390554295,40327.21797004342,41020.984375,40361.90629029125
2026-04-27,40100.0,2026-04-08,20,42833.333333333336,40793.333333333336,42679.59937597007,51057.1884845235,40288.61747980118,42010.921875,40374.73269956112
2026-04-28,40400.0,2026-04-08,21,41650.0,40793.333333333336,42693.144836656546,51223.88184360409,40248.85779693723,42553.73046875,40364.101430527866
2026-04-29,40650.0,2026-04-08,22,41300.0,40793.333333333336,42704.84665641963,51283.3184937332,40208.225989341736,42192.53125,40307.44125237465
2026-04-30,41700.0,2026-04-08,23,41150.0,40793.333333333336,42714.92302963892,51221.582686446374,40166.96310043335,42524.2890625,40284.82939853668
2026-05-01,41900.0,2026-04-08,24,41150.0,40793.333333333336,42723.581397731985,51731.08802640518,40125.23528635502,42568.55859375,40247.40145172477
2026-05-02,41900.0,2026-04-08,25,40950.0,40793.333333333336,42731.023710051624,51884.562348449326,40083.05970877409,45423.5,40350.08172333539
2026-05-03,41900.0,2026-04-08,26,40666.66666666666,40793.333333333336,42737.42998052806,51775.78532411778,40040.72811603546,44547.7109375,40266.077257108685
2026-05-04,42200.0,2026-04-08,27,40383.333333333336,40793.333333333336,42742.94712389871,51670.99411644754,39999.37629848719,46141.578125,40306.486389812824
2026-05-05,42500.0,2026-04-08,28,40100.0,40793.333333333336,42747.69492597068,51675.340125504634,39958.46756398678,46031.84765625,40262.13656859994
2026-05-06,43000.0,2026-04-08,29,40300.0,40793.333333333336,42751.77891963374,51582.97639526697,39917.84355714917,43952.62109375,40119.582433979216
2026-05-07,43650.0,2026-04-08,30,40350.0,40793.333333333336,42755.29254226139,51381.786596830214,39876.43323391676,43484.234375,40056.82329097092
