Provinsi,Komoditas,Model,MAPE (%),RMSE,Directional Accuracy (%)
Jawa Timur,Bawang Merah,Naive Seasonal,23.255101375203385,12273.177097572414,42.377260981912144
Jawa Timur,Bawang Merah,SMA-30,12.217405884208816,5974.370804128512,43.669250645994836
Jawa Timur,Bawang Merah,"ARIMA(5,1,0)",9.19817423324925,5918.2529611042555,57.622739018087856
Jawa Timur,Bawang Merah,Prophet,14.651578670082063,7684.576965869883,62.532299741602074
Jawa Timur,Bawang Merah,BiLSTM,7.282615912573892,4350.509905406581,72.3514211886305
Jawa Timur,Bawang Merah,Smart Ensemble,7.282615912573892,4350.509905406581,72.3514211886305
Jawa Timur,Bawang Putih,Naive Seasonal,19.084816649474874,6339.2120152554435,50.77720207253886
Jawa Timur,Bawang Putih,SMA-30,4.272988115770343,1963.2707292462987,33.93782383419689
Jawa Timur,Bawang Putih,"ARIMA(5,1,0)",2.662860106114299,1409.238111386616,62.95336787564767
Jawa Timur,Bawang Putih,Prophet,5.015843658587517,2002.3720149767034,45.854922279792746
Jawa Timur,Bawang Putih,BiLSTM,6.472827870635724,2511.1379611423613,49.22279792746114
Jawa Timur,Bawang Putih,Smart Ensemble,4.734988669771437,2009.2082868367204,44.81865284974093
Jawa Timur,Beras,Naive Seasonal,3.6032322642598533,546.1298698641513,32.49097472924188
Jawa Timur,Beras,SMA-30,0.5823073362749529,109.58514102698018,35.74007220216607
Jawa Timur,Beras,"ARIMA(5,1,0)",0.3753898558046542,79.80104454108688,16.967509025270758
Jawa Timur,Beras,Prophet,0.837928449472292,157.94655160546677,49.09747292418773
Jawa Timur,Beras,BiLSTM,0.6069661874921185,111.93846618767851,42.238267148014444
Jawa Timur,Beras,Smart Ensemble,0.6069661874921185,111.93846618767851,42.238267148014444
Jawa Timur,Cabai Merah,Naive Seasonal,47.85721758595219,19980.463891560106,60.46511627906976
Jawa Timur,Cabai Merah,SMA-30,21.68452024533892,9356.117916843723,48.57881136950905
Jawa Timur,Cabai Merah,"ARIMA(5,1,0)",16.383501429253442,7770.359000653669,74.4186046511628
Jawa Timur,Cabai Merah,Prophet,36.94013989295546,14562.130410535838,60.98191214470285
Jawa Timur,Cabai Merah,BiLSTM,30.981615367460513,11518.26106021297,52.19638242894057
Jawa Timur,Cabai Merah,Smart Ensemble,30.96705157115494,11379.72500729509,52.97157622739018
Jawa Timur,Cabai Rawit,Naive Seasonal,36.668593650669244,21953.039396549146,59.12596401028277
Jawa Timur,Cabai Rawit,SMA-30,44.92326441432185,24626.20679791269,43.18766066838046
Jawa Timur,Cabai Rawit,"ARIMA(5,1,0)",32.14982498536017,20000.329920003664,67.3521850899743
Jawa Timur,Cabai Rawit,Prophet,38.74893045751309,18804.114161089357,55.52699228791774
Jawa Timur,Cabai Rawit,BiLSTM,36.938798762886975,17084.15842977548,62.98200514138818
Jawa Timur,Cabai Rawit,Smart Ensemble,36.938798762886975,17084.15842977548,62.98200514138818
Jawa Timur,Daging Ayam,Naive Seasonal,9.993190459749345,4208.000875418323,41.37931034482759
Jawa Timur,Daging Ayam,SMA-30,5.902251410357319,2656.649999768986,47.214854111405835
Jawa Timur,Daging Ayam,"ARIMA(5,1,0)",2.962430161287166,1434.6616550570425,59.6816976127321
Jawa Timur,Daging Ayam,Prophet,9.432309175558688,4084.482740080907,30.50397877984085
Jawa Timur,Daging Ayam,BiLSTM,4.47064240259211,2147.891653433868,48.275862068965516
Jawa Timur,Daging Ayam,Smart Ensemble,6.286764522405229,2786.4285965848767,36.60477453580902
Jawa Timur,Daging Sapi,Naive Seasonal,2.0159023707604207,3715.0227286846953,36.01190476190476
Jawa Timur,Daging Sapi,SMA-30,0.7898944976760032,1581.2038986894656,40.773809523809526
Jawa Timur,Daging Sapi,"ARIMA(5,1,0)",0.6087249742130099,1299.201615006886,51.78571428571429
Jawa Timur,Daging Sapi,Prophet,1.0634911778769685,1804.6160055713344,38.69047619047619
Jawa Timur,Daging Sapi,BiLSTM,1.5476227893262942,2998.8590974425247,29.464285714285715
Jawa Timur,Daging Sapi,Smart Ensemble,1.1654896650754107,2062.43506050626,26.488095238095237
Jawa Timur,Gula Pasir,Naive Seasonal,2.2089966180447966,439.9138739846886,59.4059405940594
Jawa Timur,Gula Pasir,SMA-30,1.3628110057174507,315.4809485054454,29.7029702970297
Jawa Timur,Gula Pasir,"ARIMA(5,1,0)",0.9265114027667452,240.91309495232605,30.693069306930692
Jawa Timur,Gula Pasir,Prophet,1.389278761950123,319.89710114091724,49.504950495049506
Jawa Timur,Gula Pasir,BiLSTM,2.502983519005849,470.67731705472465,61.05610561056105
Jawa Timur,Gula Pasir,Smart Ensemble,1.4655649271670803,308.329226595017,58.08580858085809
Jawa Timur,Minyak Goreng,Naive Seasonal,7.786712757823292,1692.9260395831163,28.869047619047617
Jawa Timur,Minyak Goreng,SMA-30,1.4661786680787823,473.4516925972198,21.13095238095238
Jawa Timur,Minyak Goreng,"ARIMA(5,1,0)",0.9202362630215707,330.70207841399304,50.297619047619044
Jawa Timur,Minyak Goreng,Prophet,2.9475790131827218,760.6478400709777,59.523809523809526
Jawa Timur,Minyak Goreng,BiLSTM,1.2962602871181799,446.90708610388424,33.63095238095239
Jawa Timur,Minyak Goreng,Smart Ensemble,1.985392942627083,572.5029921519832,60.71428571428571
Jawa Timur,Telur Ayam,Naive Seasonal,6.5942089851249275,2189.6197096606693,66.84491978609626
Jawa Timur,Telur Ayam,SMA-30,4.494435702457653,1513.8286352002115,20.855614973262032
Jawa Timur,Telur Ayam,"ARIMA(5,1,0)",2.010923007275077,741.499302031052,63.63636363636363
Jawa Timur,Telur Ayam,Prophet,5.913178530239868,2165.5045604923607,58.288770053475936
Jawa Timur,Telur Ayam,BiLSTM,2.5125402329063435,930.1564082003721,68.71657754010695
Jawa Timur,Telur Ayam,Smart Ensemble,3.2074099035306234,1140.4355341023252,50.0
Aceh,Bawang Merah,Naive Seasonal,21.94200337838507,13411.628294292736,48.83116883116883
Aceh,Bawang Merah,SMA-30,13.454296019446973,7982.255131528015,54.02597402597402
Aceh,Bawang Merah,"ARIMA(5,1,0)",9.67120585921405,6961.751756416811,47.01298701298701
Aceh,Bawang Merah,Prophet,18.157697426027628,9797.176841359693,54.8051948051948
Aceh,Bawang Merah,BiLSTM,8.684753579090001,5574.015489916167,60.0
Aceh,Bawang Merah,Smart Ensemble,8.684753579090001,5574.015489916167,60.0
Bali,Bawang Merah,Naive Seasonal,23.263733099391565,11407.837967556214,44.90861618798956
Bali,Bawang Merah,SMA-30,15.729861278435338,7517.365374251174,45.95300261096606
Bali,Bawang Merah,"ARIMA(5,1,0)",10.524230942386295,5899.444158349876,68.40731070496084
Bali,Bawang Merah,Prophet,14.953508621661953,7496.6856660166995,60.052219321148826
Bali,Bawang Merah,BiLSTM,14.386136743802686,8163.613176735065,43.34203655352481
Bali,Bawang Merah,Smart Ensemble,14.386136743802686,8163.613176735065,43.34203655352481
Banten,Bawang Merah,Naive Seasonal,23.841592239582706,13424.744735937113,44.657534246575345
Banten,Bawang Merah,SMA-30,12.01074124077579,6471.4629887394785,43.83561643835616
Banten,Bawang Merah,"ARIMA(5,1,0)",9.6198164138787,6464.619698996551,61.64383561643836
Banten,Bawang Merah,Prophet,14.911623183582915,8347.163662281633,60.82191780821918
Banten,Bawang Merah,BiLSTM,11.545813728179994,7621.9613639481395,35.342465753424655
Banten,Bawang Merah,Smart Ensemble,11.545813728179994,7621.9613639481395,35.342465753424655
Bengkulu,Bawang Merah,Naive Seasonal,17.949538973050373,12039.773562484364,54.6875
Bengkulu,Bawang Merah,SMA-30,9.574169286392884,5846.425456809681,54.427083333333336
Bengkulu,Bawang Merah,"ARIMA(5,1,0)",7.444846392945262,5455.892562321912,48.95833333333333
Bengkulu,Bawang Merah,Prophet,13.210203101731521,7045.67096061464,51.302083333333336
Bengkulu,Bawang Merah,BiLSTM,9.893794543359535,6687.305856733421,45.57291666666667
Bengkulu,Bawang Merah,Smart Ensemble,9.893794543359535,6687.305856733421,45.57291666666667
DI Yogyakarta,Bawang Merah,Naive Seasonal,21.74185451553796,11395.39943157449,46.794871794871796
DI Yogyakarta,Bawang Merah,SMA-30,8.11590009709231,4395.448346652612,45.83333333333333
DI Yogyakarta,Bawang Merah,"ARIMA(5,1,0)",6.497161504929565,4088.7898904942713,20.833333333333336
DI Yogyakarta,Bawang Merah,Prophet,12.91562851443882,6446.321129705721,56.08974358974359
DI Yogyakarta,Bawang Merah,BiLSTM,5.547283317187668,3432.4836284094604,52.56410256410257
DI Yogyakarta,Bawang Merah,Smart Ensemble,5.547283317187668,3432.4836284094604,52.56410256410257
DKI Jakarta,Bawang Merah,Naive Seasonal,20.561575597723024,12742.016387681018,57.73480662983425
DKI Jakarta,Bawang Merah,SMA-30,10.81283672911206,6404.624510731039,49.171270718232044
DKI Jakarta,Bawang Merah,"ARIMA(5,1,0)",10.275659602058502,7610.020059842714,45.85635359116022
DKI Jakarta,Bawang Merah,Prophet,11.742515708300488,7507.121810515576,72.92817679558011
DKI Jakarta,Bawang Merah,BiLSTM,13.23034804268726,10154.805590444757,49.72375690607735
DKI Jakarta,Bawang Merah,Smart Ensemble,13.23034804268726,10154.805590444757,49.72375690607735
Gorontalo,Bawang Merah,Naive Seasonal,19.930405040689624,14592.948429794573,64.49086161879896
Gorontalo,Bawang Merah,SMA-30,15.539769128174003,9837.687732835135,44.12532637075718
Gorontalo,Bawang Merah,"ARIMA(5,1,0)",11.276199726085364,7571.085324092079,60.574412532637076
Gorontalo,Bawang Merah,Prophet,14.845538731005337,8890.254638421473,58.7467362924282
Gorontalo,Bawang Merah,BiLSTM,9.653670472035758,6908.031340625255,62.40208877284596
Gorontalo,Bawang Merah,Smart Ensemble,9.653670472035758,6908.031340625255,62.40208877284596
Jambi,Bawang Merah,Naive Seasonal,19.011870073872757,10952.014352440758,65.10416666666666
Jambi,Bawang Merah,SMA-30,11.618445532925024,5997.96238747122,52.083333333333336
Jambi,Bawang Merah,"ARIMA(5,1,0)",10.715758549813799,5788.893816359475,46.875
Jambi,Bawang Merah,Prophet,15.171706921499048,7315.0332614357085,47.13541666666667
Jambi,Bawang Merah,BiLSTM,8.839075286068017,4800.190866411399,74.21875
Jambi,Bawang Merah,Smart Ensemble,8.839075286068017,4800.190866411399,74.21875
Jawa Barat,Bawang Merah,Naive Seasonal,21.95990107806826,12384.268349971368,47.51958224543081
Jawa Barat,Bawang Merah,SMA-30,11.32266559703786,6103.306084139576,47.78067885117493
Jawa Barat,Bawang Merah,"ARIMA(5,1,0)",7.974838460365966,5842.885881527154,58.7467362924282
Jawa Barat,Bawang Merah,Prophet,13.236270313889658,7639.013674330312,71.54046997389034
Jawa Barat,Bawang Merah,BiLSTM,11.22004195426026,8106.963804105771,49.08616187989556
Jawa Barat,Bawang Merah,Smart Ensemble,11.22004195426026,8106.963804105771,49.08616187989556
Jawa Tengah,Bawang Merah,Naive Seasonal,22.880298856578353,12402.351611632994,40.05167958656331
Jawa Tengah,Bawang Merah,SMA-30,12.02405209380006,6060.209215138044,41.08527131782946
Jawa Tengah,Bawang Merah,"ARIMA(5,1,0)",8.06128344071877,5703.347467379888,68.21705426356588
Jawa Tengah,Bawang Merah,Prophet,14.742716766382152,7734.479994523351,63.30749354005169
Jawa Tengah,Bawang Merah,BiLSTM,8.861117769011509,6034.771011887898,63.82428940568475
Jawa Tengah,Bawang Merah,Smart Ensemble,8.742322379684364,5956.418176726155,64.34108527131784
Kalimantan Barat,Bawang Merah,Naive Seasonal,24.617052660337468,16818.20496149279,51.554404145077726
Kalimantan Barat,Bawang Merah,SMA-30,20.143898803111888,12580.30792388005,50.77720207253886
Kalimantan Barat,Bawang Merah,"ARIMA(5,1,0)",13.80589323820097,9674.460131404887,68.9119170984456
Kalimantan Barat,Bawang Merah,Prophet,17.31993849368808,11505.067657794869,60.10362694300518
Kalimantan Barat,Bawang Merah,BiLSTM,11.505823133458183,8637.892944106934,73.83419689119171
Kalimantan Barat,Bawang Merah,Smart Ensemble,11.505823133458183,8637.892944106934,73.83419689119171
Kalimantan Selatan,Bawang Merah,Naive Seasonal,22.54566635639244,13318.981776096636,43.81720430107527
Kalimantan Selatan,Bawang Merah,SMA-30,14.268047085553647,8336.989475735143,44.623655913978496
Kalimantan Selatan,Bawang Merah,"ARIMA(5,1,0)",8.826890539030217,5924.224229635224,70.43010752688173
Kalimantan Selatan,Bawang Merah,Prophet,14.819981657139811,7898.33093764696,62.634408602150536
Kalimantan Selatan,Bawang Merah,BiLSTM,8.372562142025028,5796.694594713254,70.96774193548387
Kalimantan Selatan,Bawang Merah,Smart Ensemble,8.372562142025028,5796.694594713254,70.96774193548387
Kalimantan Tengah,Bawang Merah,Naive Seasonal,21.670169711898353,13453.310822238966,49.734042553191486
Kalimantan Tengah,Bawang Merah,SMA-30,13.343206829437811,8575.505173682519,49.202127659574465
Kalimantan Tengah,Bawang Merah,"ARIMA(5,1,0)",6.665105181604318,4609.025239783448,63.03191489361703
Kalimantan Tengah,Bawang Merah,Prophet,15.149895839485698,8392.005842147573,52.12765957446809
Kalimantan Tengah,Bawang Merah,BiLSTM,6.0571100484825156,4781.248290598728,71.27659574468085
Kalimantan Tengah,Bawang Merah,Smart Ensemble,6.0571100484825156,4781.248290598728,71.27659574468085
Kalimantan Timur,Bawang Merah,Naive Seasonal,19.424663521876166,11838.163429785609,55.208333333333336
Kalimantan Timur,Bawang Merah,SMA-30,11.34458257484653,6971.514592755225,48.69791666666667
Kalimantan Timur,Bawang Merah,"ARIMA(5,1,0)",7.862342537231361,5035.2923507069345,52.604166666666664
Kalimantan Timur,Bawang Merah,Prophet,12.276969012268758,6699.556218335105,61.71875
Kalimantan Timur,Bawang Merah,BiLSTM,6.948591295177772,4546.507037607337,75.26041666666666
Kalimantan Timur,Bawang Merah,Smart Ensemble,6.948591295177772,4546.507037607337,75.26041666666666
Kalimantan Utara,Bawang Merah,Naive Seasonal,15.56443796115177,10921.151928131114,53.57142857142857
Kalimantan Utara,Bawang Merah,SMA-30,8.27011173100399,5451.873920934214,52.472527472527474
Kalimantan Utara,Bawang Merah,"ARIMA(5,1,0)",6.1424458391298895,4598.745901571036,42.582417582417584
Kalimantan Utara,Bawang Merah,Prophet,8.917505856038034,5779.383571315773,70.6043956043956
Kalimantan Utara,Bawang Merah,BiLSTM,6.237388966111493,4969.4091197778425,57.417582417582416
Kalimantan Utara,Bawang Merah,Smart Ensemble,5.730791664112707,4349.593224804037,71.97802197802197
Kepulauan Bangka Belitung,Bawang Merah,Naive Seasonal,20.502656226725097,12957.698812343033,45.0
Kepulauan Bangka Belitung,Bawang Merah,SMA-30,9.949980465100339,6005.031763075535,38.611111111111114
Kepulauan Bangka Belitung,Bawang Merah,"ARIMA(5,1,0)",6.3138102279411665,4816.502896305595,59.44444444444444
Kepulauan Bangka Belitung,Bawang Merah,Prophet,12.370940506132456,7854.642811900832,58.05555555555556
Kepulauan Bangka Belitung,Bawang Merah,BiLSTM,10.030102099791625,7144.085185219348,49.72222222222222
Kepulauan Bangka Belitung,Bawang Merah,Smart Ensemble,10.030102099791625,7144.085185219348,49.72222222222222
Kepulauan Riau,Bawang Merah,Naive Seasonal,13.794275328544392,6441.128530943685,52.956989247311824
Kepulauan Riau,Bawang Merah,SMA-30,14.133373946417057,7334.416718972945,31.989247311827956
Kepulauan Riau,Bawang Merah,"ARIMA(5,1,0)",7.142000249207195,3985.9187337364638,69.35483870967742
Kepulauan Riau,Bawang Merah,Prophet,11.77973559829988,5486.794333483395,47.8494623655914
Kepulauan Riau,Bawang Merah,BiLSTM,6.788835019848665,3687.494356027986,50.0
Kepulauan Riau,Bawang Merah,Smart Ensemble,6.788835019848665,3687.494356027986,50.0
Lampung,Bawang Merah,Naive Seasonal,23.90013631667352,12300.739357714996,45.78947368421053
Lampung,Bawang Merah,SMA-30,10.920317144010143,5603.434394908507,50.78947368421053
Lampung,Bawang Merah,"ARIMA(5,1,0)",8.782477144338612,5375.037189997418,58.15789473684211
Lampung,Bawang Merah,Prophet,13.848775275977557,7177.839108240222,65.0
Lampung,Bawang Merah,BiLSTM,8.370960215414245,4546.308507990637,56.05263157894736
Lampung,Bawang Merah,Smart Ensemble,8.370960215414245,4546.308507990637,56.05263157894736
Maluku,Bawang Merah,Naive Seasonal,17.10216254416512,11464.496421785312,68.42105263157895
Maluku,Bawang Merah,SMA-30,11.435999431338805,7650.389381744415,44.32132963988919
Maluku,Bawang Merah,"ARIMA(5,1,0)",7.126618759112294,5580.13679396992,57.89473684210527
Maluku,Bawang Merah,Prophet,12.718959531000893,7603.1514708584555,64.81994459833795
Maluku,Bawang Merah,BiLSTM,6.88262652139328,5664.056946634407,58.448753462603875
Maluku,Bawang Merah,Smart Ensemble,6.88262652139328,5664.056946634407,58.448753462603875
Maluku Utara,Bawang Merah,Naive Seasonal,16.047643983254627,12311.185791143176,55.79937304075236
Maluku Utara,Bawang Merah,SMA-30,6.483067130516041,5283.969321459338,53.60501567398119
Maluku Utara,Bawang Merah,"ARIMA(5,1,0)",4.938467902665234,4758.366929756437,31.661442006269592
Maluku Utara,Bawang Merah,Prophet,7.239501783585188,5915.779764070047,69.27899686520375
Maluku Utara,Bawang Merah,BiLSTM,8.138790820826936,8214.87406430857,42.31974921630094
Maluku Utara,Bawang Merah,Smart Ensemble,7.881376765559003,7980.216736715068,44.827586206896555
Nusa Tenggara Barat,Bawang Merah,Naive Seasonal,22.99884342382916,10493.904213448188,51.96850393700787
Nusa Tenggara Barat,Bawang Merah,SMA-30,16.796615607972328,7209.109050367802,33.33333333333333
Nusa Tenggara Barat,Bawang Merah,"ARIMA(5,1,0)",9.226433163371253,4474.521433411371,60.629921259842526
Nusa Tenggara Barat,Bawang Merah,Prophet,15.780606269749006,6829.929745116482,49.343832020997375
Nusa Tenggara Barat,Bawang Merah,BiLSTM,11.917621248593866,5336.441459370712,62.46719160104986
Nusa Tenggara Barat,Bawang Merah,Smart Ensemble,11.917621248593866,5336.441459370712,62.46719160104986
Nusa Tenggara Timur,Bawang Merah,Naive Seasonal,19.9882460105265,10342.915463489988,58.160237388724035
Nusa Tenggara Timur,Bawang Merah,SMA-30,7.262341173417922,4239.663207385792,46.29080118694362
Nusa Tenggara Timur,Bawang Merah,"ARIMA(5,1,0)",5.04626776613753,3188.7481868341597,47.18100890207715
Nusa Tenggara Timur,Bawang Merah,Prophet,7.553957202717958,3682.6380164979337,63.20474777448071
Nusa Tenggara Timur,Bawang Merah,BiLSTM,4.825165584368786,2776.3476984313356,66.17210682492582
Nusa Tenggara Timur,Bawang Merah,Smart Ensemble,4.825165584368786,2776.3476984313356,66.17210682492582
Papua,Bawang Merah,Naive Seasonal,17.704803473458977,14675.58984579282,54.61741424802111
Papua,Bawang Merah,SMA-30,7.328362834221407,6076.590047463979,45.91029023746702
Papua,Bawang Merah,"ARIMA(5,1,0)",5.087974336632968,4730.221735785807,67.01846965699208
Papua,Bawang Merah,Prophet,9.656788969995759,7443.5682599854035,56.99208443271768
Papua,Bawang Merah,BiLSTM,4.819229250629185,4659.643260721328,55.67282321899736
Papua,Bawang Merah,Smart Ensemble,4.819229250629185,4659.643260721328,55.67282321899736
Papua Barat,Bawang Merah,Naive Seasonal,15.119614622147925,12419.917976203085,45.110410094637224
Papua Barat,Bawang Merah,SMA-30,10.64200766203225,8656.112594947588,28.075709779179807
Papua Barat,Bawang Merah,"ARIMA(5,1,0)",5.623339107774471,4647.545817551792,34.06940063091483
Papua Barat,Bawang Merah,Prophet,10.092613976715437,8727.719766039956,48.580441640378545
Papua Barat,Bawang Merah,BiLSTM,6.168988425630028,5206.021359868131,55.20504731861199
Papua Barat,Bawang Merah,Smart Ensemble,6.168988425630028,5206.021359868131,55.20504731861199
Riau,Bawang Merah,Naive Seasonal,18.054631116622165,10520.344792752972,69.29133858267717
Riau,Bawang Merah,SMA-30,12.991520345762513,6353.528947027922,35.958005249343834
Riau,Bawang Merah,"ARIMA(5,1,0)",8.56011388052467,4945.590147196821,60.892388451443566
Riau,Bawang Merah,Prophet,15.846537257434104,7572.155559538388,49.343832020997375
Riau,Bawang Merah,BiLSTM,6.783446839452213,4145.657719494413,72.96587926509186
Riau,Bawang Merah,Smart Ensemble,6.783446839452213,4145.657719494413,72.96587926509186
Sulawesi Barat,Bawang Merah,Naive Seasonal,21.68143889473978,12854.362171420471,48.18941504178273
Sulawesi Barat,Bawang Merah,SMA-30,11.104675669666417,6191.783961648717,37.32590529247911
Sulawesi Barat,Bawang Merah,"ARIMA(5,1,0)",6.364488390377095,3873.407552665515,54.874651810584965
Sulawesi Barat,Bawang Merah,Prophet,15.043283388517303,8072.986460983905,50.974930362116986
Sulawesi Barat,Bawang Merah,BiLSTM,10.232315299058522,7108.062097237792,50.69637883008357
Sulawesi Barat,Bawang Merah,Smart Ensemble,10.232315299058522,7108.062097237792,50.69637883008357
Sulawesi Selatan,Bawang Merah,Naive Seasonal,21.041905425574765,11089.20289521026,55.32467532467532
Sulawesi Selatan,Bawang Merah,SMA-30,10.576175233078795,5807.448705764475,50.90909090909091
Sulawesi Selatan,Bawang Merah,"ARIMA(5,1,0)",7.308257468090441,4136.330367496546,55.84415584415584
Sulawesi Selatan,Bawang Merah,Prophet,12.742513865201863,6358.620190104848,47.53246753246753
Sulawesi Selatan,Bawang Merah,BiLSTM,5.3871540641527025,3575.9504802478273,61.298701298701296
Sulawesi Selatan,Bawang Merah,Smart Ensemble,5.3871540641527025,3575.9504802478273,61.298701298701296
Sulawesi Tengah,Bawang Merah,Naive Seasonal,20.790857593075437,13723.540047105245,56.58682634730538
Sulawesi Tengah,Bawang Merah,SMA-30,12.220906767058693,7619.470954769714,43.11377245508982
Sulawesi Tengah,Bawang Merah,"ARIMA(5,1,0)",7.589998111706982,5350.405951612992,58.38323353293413
Sulawesi Tengah,Bawang Merah,Prophet,13.721689517641558,8365.049404098749,59.58083832335329
Sulawesi Tengah,Bawang Merah,BiLSTM,11.618029282062801,8296.825402762746,50.29940119760479
Sulawesi Tengah,Bawang Merah,Smart Ensemble,11.050813980844312,7893.70471536607,55.98802395209581
Sulawesi Tenggara,Bawang Merah,Naive Seasonal,18.892129292065004,11972.2968744574,41.64305949008499
Sulawesi Tenggara,Bawang Merah,SMA-30,11.0011127581166,6786.929365252513,40.50991501416431
Sulawesi Tenggara,Bawang Merah,"ARIMA(5,1,0)",6.932245219883586,4960.821903577089,53.82436260623229
Sulawesi Tenggara,Bawang Merah,Prophet,11.75483677200938,6842.494588329135,59.20679886685553
Sulawesi Tenggara,Bawang Merah,BiLSTM,6.311155101634028,4844.135138266404,57.50708215297451
Sulawesi Tenggara,Bawang Merah,Smart Ensemble,6.311155101634028,4844.135138266404,57.50708215297451
Sulawesi Utara,Bawang Merah,Naive Seasonal,18.98690867782654,13982.26922593585,55.61357702349869
Sulawesi Utara,Bawang Merah,SMA-30,11.496686116832798,7772.178969290033,50.13054830287206
Sulawesi Utara,Bawang Merah,"ARIMA(5,1,0)",8.636586194368858,6190.311692579689,57.96344647519582
Sulawesi Utara,Bawang Merah,Prophet,11.949781726015326,7972.45963806932,65.53524804177546
Sulawesi Utara,Bawang Merah,BiLSTM,7.162948468589482,6352.925310274824,57.180156657963444
Sulawesi Utara,Bawang Merah,Smart Ensemble,7.675050510824757,5927.1605916774515,73.10704960835508
Sumatera Barat,Bawang Merah,Naive Seasonal,19.699712024157886,12054.460036284569,66.48936170212765
Sumatera Barat,Bawang Merah,SMA-30,13.281343493013221,6627.968671354146,58.77659574468085
Sumatera Barat,Bawang Merah,"ARIMA(5,1,0)",10.350672581526457,5679.479450815564,40.42553191489361
Sumatera Barat,Bawang Merah,Prophet,17.62596168861665,8642.97561624214,58.51063829787234
Sumatera Barat,Bawang Merah,BiLSTM,11.709794790367638,5777.436797168161,43.08510638297872
Sumatera Barat,Bawang Merah,Smart Ensemble,11.709794790367638,5777.436797168161,43.08510638297872
Sumatera Selatan,Bawang Merah,Naive Seasonal,17.92819814370962,9933.100403108469,51.21293800539084
Sumatera Selatan,Bawang Merah,SMA-30,7.435951693436557,4108.863528602059,46.63072776280324
Sumatera Selatan,Bawang Merah,"ARIMA(5,1,0)",5.321523293555791,4022.701090693872,36.65768194070081
Sumatera Selatan,Bawang Merah,Prophet,11.628342734969051,6168.050310335036,68.46361185983828
Sumatera Selatan,Bawang Merah,BiLSTM,6.1776042179754675,4199.291118245986,56.334231805929925
Sumatera Selatan,Bawang Merah,Smart Ensemble,6.1776042179754675,4199.291118245986,56.334231805929925
Sumatera Utara,Bawang Merah,Naive Seasonal,18.937024821586885,11595.171669886178,61.18251928020566
Sumatera Utara,Bawang Merah,SMA-30,13.32209515783217,7666.6948423240465,53.98457583547558
Sumatera Utara,Bawang Merah,"ARIMA(5,1,0)",10.233568246814093,6665.104988493505,38.81748071979435
Sumatera Utara,Bawang Merah,Prophet,15.9237028538154,9412.132115485309,64.26735218508998
Sumatera Utara,Bawang Merah,BiLSTM,8.304973079264949,5633.14533897451,64.26735218508998
Sumatera Utara,Bawang Merah,Smart Ensemble,8.304973079264949,5633.14533897451,64.26735218508998
