Tanggal data terakhir,Tanggal target,Harga terakhir,Prediksi ensemble,Harga aktual target,Perubahan prediksi (%),Perubahan aktual (%),Skor EWS,Level EWS,Skor risiko pasokan,Kenaikan aktual ≥ 10%
2025-04-12,2025-05-12,48200.0,45897.13733377643,40250.0,-4.777723373907819,-16.493775933609957,16.3,Normal,23.5,False
2025-05-12,2025-06-11,40250.0,39025.03397780508,38550.0,-3.0433938439625425,-4.22360248447205,12.2,Normal,24.5,False
2025-06-11,2025-07-11,38550.0,38024.78568319082,41500.0,-1.362423649310451,7.652399481193256,12.4,Normal,44.5,False
2025-07-11,2025-08-10,41500.0,41756.817623227835,53733.333333333336,0.6188376463321318,29.477911646586353,26.6,Watch,29.6,True
2025-08-10,2025-09-09,53733.333333333336,45411.96296997368,36800.0,-15.486421271761138,-31.513647642679903,51.5,Alert,19.7,False
2025-09-09,2025-10-09,36800.0,35127.12667360902,36500.0,-4.545851430410276,-0.8152173913043478,29.3,Watch,37.8,False
2025-10-09,2025-11-08,36500.0,37051.14752603918,41233.333333333336,1.5099932220251553,12.968036529680372,14.4,Normal,38.1,True
2025-11-08,2025-12-08,41233.333333333336,40364.52185261399,51450.0,-2.1070609880016544,24.777687954729178,14.8,Normal,27.5,True
2025-12-08,2026-01-07,51450.0,46830.07854241878,38600.0,-8.979439178972248,-24.9757045675413,33.7,Watch,53.6,False
2026-01-07,2026-02-06,38600.0,36245.36687657237,38550.0,-6.100085811988677,-0.1295336787564767,25.7,Watch,27.2,False
2026-02-06,2026-03-08,38550.0,38960.50190123469,40200.0,1.0648557749278582,4.280155642023346,12.7,Normal,35.6,False
2026-03-08,2026-04-07,40200.0,38618.036636856195,41150.0,-3.9352322466263794,2.36318407960199,15.1,Normal,24.5,False
2026-04-07,2026-05-07,41150.0,40056.82329097092,43650.0,-2.6565655140439404,6.075334143377885,15.5,Normal,28.6,False
