Target,Kovariat,Lag (hari),Pearson r,p (Pearson),Spearman ρ,p (Spearman),n
Harga,Curah hujan (rata-rata 30 hari),0,0.13980444741724074,5.642363703117592e-10,0.2451387523418886,4.45589633575485e-28,1950
Harga,Curah hujan (rata-rata 30 hari),7,0.1796085661397329,1.5004549478987673e-15,0.27580643345022565,2.935483851233767e-35,1943
Harga,Curah hujan (rata-rata 30 hari),14,0.2211415495241801,7.12626019196851e-23,0.3085525748778195,5.641556596730619e-44,1936
Harga,Curah hujan (rata-rata 30 hari),30,0.3027753945048722,5.388226685277517e-42,0.3672304792691755,2.295017189233186e-62,1920
Harga,Suhu (rata-rata 30 hari),0,-0.04363760111355365,0.05402121324800854,-0.042420676479812444,0.06108381808807858,1950
Harga,Suhu (rata-rata 30 hari),7,-0.054769823963937224,0.01575752518679081,-0.05935714907336337,0.008869184874617898,1943
Harga,Suhu (rata-rata 30 hari),14,-0.06632431151236812,0.0035048096233396674,-0.07921261446336514,0.0004855813189266584,1936
Harga,Suhu (rata-rata 30 hari),30,-0.06152301588008954,0.007005082848064615,-0.09904175032559111,1.3759844082268495e-05,1920
Harga,Indeks ENSO (ONI),0,-0.08479055347315285,0.00017782397575077545,0.09686313018201566,1.829895295360032e-05,1950
Harga,Indeks ENSO (ONI),7,-0.08263220196011109,0.000266067183489944,0.08476733325684647,0.0001834140912032521,1943
Harga,Indeks ENSO (ONI),14,-0.08018269864030281,0.00041329232628012396,0.06975862689101339,0.002132438978865784,1936
Harga,Indeks ENSO (ONI),30,-0.08575228275645483,0.00016858647030967218,0.02409637071683699,0.291280973908696,1920
Perubahan harga 30 hari (%),Curah hujan (rata-rata 30 hari),0,0.19649085028620955,3.655576748383455e-18,0.19791352200316742,2.0737235102339666e-18,1920
Perubahan harga 30 hari (%),Curah hujan (rata-rata 30 hari),7,0.1869695228049368,1.4542710341712915e-16,0.1822836667265718,8.306648540548287e-16,1920
Perubahan harga 30 hari (%),Curah hujan (rata-rata 30 hari),14,0.18546445064913578,2.558008149795196e-16,0.17922056848308668,2.531233621959703e-15,1920
Perubahan harga 30 hari (%),Curah hujan (rata-rata 30 hari),30,0.17491147416696323,1.1741044969286171e-14,0.1394374584540241,8.469910748366522e-10,1920
Perubahan harga 30 hari (%),Suhu (rata-rata 30 hari),0,0.0425014588522021,0.06261026071885561,0.005247118229376236,0.8182712340032003,1920
Perubahan harga 30 hari (%),Suhu (rata-rata 30 hari),7,0.033772726446854924,0.13905882270812908,-0.01436218911664356,0.5293868992315114,1920
Perubahan harga 30 hari (%),Suhu (rata-rata 30 hari),14,0.015729230671975278,0.4909402487590573,-0.03349368361702076,0.14235551263971175,1920
Perubahan harga 30 hari (%),Suhu (rata-rata 30 hari),30,0.015567656384268515,0.49540488728756793,-0.005469397474933377,0.8107157971628086,1920
Perubahan harga 30 hari (%),Indeks ENSO (ONI),0,0.021670283162736552,0.3426016454037402,-0.059152685658375274,0.009527478064454071,1920
Perubahan harga 30 hari (%),Indeks ENSO (ONI),7,0.023608144724262575,0.3011700628547343,-0.0698198757415748,0.002205273731571079,1920
Perubahan harga 30 hari (%),Indeks ENSO (ONI),14,0.02552618572054749,0.2635861436576537,-0.08257027057808577,0.00029247237020031013,1920
Perubahan harga 30 hari (%),Indeks ENSO (ONI),30,0.020845744524795796,0.36128508917922814,-0.10755204292327071,2.3201219383563287e-06,1920
